bucket_id,bucket,group_id,group,group_size
0,1,1,race,1
0,1,2,gender,1
0,1,3,age,1
1,2,1,race + age,2
1,2,2,gender,1
2,3,1,race + age,2
2,3,2,gender,1
3,4,1,race + age,2
3,4,2,gender,1
4,5,1,race,1
4,5,2,gender + age,2
5,6,1,race,1
5,6,2,gender,1
5,6,3,age,1
6,7,1,race,1
6,7,2,gender + age,2
7,8,1,race,1
7,8,2,gender + age,2
8,9,1,race,1
8,9,2,gender,1
8,9,3,age,1
9,10,1,race + age,2
9,10,2,gender,1
10,11,1,race,1
10,11,2,gender + age,2
11,12,1,race + age,2
11,12,2,gender,1
12,13,1,race + age,2
12,13,2,gender,1
13,14,1,race + age,2
13,14,2,gender,1
14,15,1,race + age,2
14,15,2,gender,1
15,16,1,race + age,2
15,16,2,gender,1
16,17,1,race,1
16,17,2,gender + age,2
17,18,1,race + age,2
17,18,2,gender,1
18,19,1,race + age,2
18,19,2,gender,1
19,20,1,race + age,2
19,20,2,gender,1
20,21,1,race + age,2
20,21,2,gender,1
21,22,1,race + age,2
21,22,2,gender,1
22,23,1,race,1
22,23,2,gender,1
22,23,3,age,1
23,24,1,race + age,2
23,24,2,gender,1
24,25,1,race,1
24,25,2,gender,1
24,25,3,age,1
25,26,1,race,1
25,26,2,gender + age,2
26,27,1,race,1
26,27,2,gender,1
26,27,3,age,1
27,28,1,race + age,2
27,28,2,gender,1
28,29,1,race,1
28,29,2,gender,1
28,29,3,age,1
29,30,1,race,1
29,30,2,gender,1
29,30,3,age,1
30,31,1,race,1
30,31,2,gender,1
30,31,3,age,1
31,32,1,race,1
31,32,2,gender + age,2
32,33,1,race,1
32,33,2,gender,1
32,33,3,age,1
33,34,1,race + age,2
33,34,2,gender,1
34,35,1,race,1
34,35,2,gender + age,2
35,36,1,race,1
35,36,2,gender,1
35,36,3,age,1
36,37,1,race + age,2
36,37,2,gender,1
37,38,1,race + age,2
37,38,2,gender,1
38,39,1,race,1
38,39,2,gender + age,2
39,40,1,race + age,2
39,40,2,gender,1
40,41,1,race + age,2
40,41,2,gender,1
41,42,1,race + age,2
41,42,2,gender,1
42,43,1,race,1
42,43,2,gender,1
42,43,3,age,1
43,44,1,race + age,2
43,44,2,gender,1
44,45,1,race + age,2
44,45,2,gender,1
45,46,1,race,1
45,46,2,gender + age,2
46,47,1,race + age,2
46,47,2,gender,1
47,48,1,race + gender + age,3
48,49,1,race + age,2
48,49,2,gender,1
49,50,1,race,1
49,50,2,gender,1
49,50,3,age,1
50,51,1,race,1
50,51,2,gender + age,2
51,52,1,race + age,2
51,52,2,gender,1
52,53,1,race,1
52,53,2,gender,1
52,53,3,age,1
53,54,1,race + age,2
53,54,2,gender,1
54,55,1,race,1
54,55,2,gender + age,2
55,56,1,race + age,2
55,56,2,gender,1
56,57,1,race + age,2
56,57,2,gender,1
57,58,1,race + age,2
57,58,2,gender,1
58,59,1,race,1
58,59,2,gender + age,2
59,60,1,race,1
59,60,2,gender,1
59,60,3,age,1
60,61,1,race + age,2
60,61,2,gender,1
61,62,1,race + age,2
61,62,2,gender,1
62,63,1,race,1
62,63,2,gender,1
62,63,3,age,1
63,64,1,race + age,2
63,64,2,gender,1
64,65,1,race + age,2
64,65,2,gender,1
65,66,1,race,1
65,66,2,gender,1
65,66,3,age,1
66,67,1,race + age,2
66,67,2,gender,1
67,68,1,race + age,2
67,68,2,gender,1
68,69,1,race + age,2
68,69,2,gender,1
69,70,1,race,1
69,70,2,gender + age,2
70,71,1,race + age,2
70,71,2,gender,1
71,72,1,race + age,2
71,72,2,gender,1
72,73,1,race,1
72,73,2,gender,1
72,73,3,age,1
73,74,1,race + age,2
73,74,2,gender,1
74,75,1,race,1
74,75,2,gender,1
74,75,3,age,1
75,76,1,race + age,2
75,76,2,gender,1
76,77,1,race + age,2
76,77,2,gender,1
77,78,1,race,1
77,78,2,gender,1
77,78,3,age,1
78,79,1,race,1
78,79,2,gender + age,2
79,80,1,race + age,2
79,80,2,gender,1
80,81,1,race,1
80,81,2,gender + age,2
81,82,1,race,1
81,82,2,gender,1
81,82,3,age,1
82,83,1,race + age,2
82,83,2,gender,1
83,84,1,race,1
83,84,2,gender + age,2
84,85,1,race + age,2
84,85,2,gender,1
85,86,1,race + age,2
85,86,2,gender,1
86,87,1,race,1
86,87,2,gender + age,2
87,88,1,race + age,2
87,88,2,gender,1
88,89,1,race + age,2
88,89,2,gender,1
89,90,1,race + age,2
89,90,2,gender,1
90,91,1,race + age,2
90,91,2,gender,1
91,92,1,race + age,2
91,92,2,gender,1
92,93,1,race + age,2
92,93,2,gender,1
93,94,1,race + age,2
93,94,2,gender,1
94,95,1,race + age,2
94,95,2,gender,1
95,96,1,race + age,2
95,96,2,gender,1
96,97,1,race + age,2
96,97,2,gender,1
97,98,1,race,1
97,98,2,gender,1
97,98,3,age,1
98,99,1,race,1
98,99,2,gender,1
98,99,3,age,1
99,100,1,race + age,2
99,100,2,gender,1
100,101,1,race,1
100,101,2,gender + age,2
101,102,1,race,1
101,102,2,gender,1
101,102,3,age,1
102,103,1,race,1
102,103,2,gender,1
102,103,3,age,1
103,104,1,race,1
103,104,2,gender,1
103,104,3,age,1
104,105,1,race + age,2
104,105,2,gender,1
105,106,1,race,1
105,106,2,gender,1
105,106,3,age,1
106,107,1,race + age,2
106,107,2,gender,1
107,108,1,race,1
107,108,2,gender + age,2
108,109,1,race,1
108,109,2,gender,1
108,109,3,age,1
109,110,1,race + age,2
109,110,2,gender,1
110,111,1,race,1
110,111,2,gender + age,2
111,112,1,race + age,2
111,112,2,gender,1
112,113,1,race + age,2
112,113,2,gender,1
113,114,1,race + age,2
113,114,2,gender,1
114,115,1,race,1
114,115,2,gender,1
114,115,3,age,1
115,116,1,race,1
115,116,2,gender,1
115,116,3,age,1
116,117,1,race,1
116,117,2,gender + age,2
117,118,1,race + age,2
117,118,2,gender,1
118,119,1,race,1
118,119,2,gender + age,2
119,120,1,race + age,2
119,120,2,gender,1
120,121,1,race + gender,2
120,121,2,age,1
121,122,1,race,1
121,122,2,gender,1
121,122,3,age,1
122,123,1,race + age,2
122,123,2,gender,1
123,124,1,race,1
123,124,2,gender,1
123,124,3,age,1
124,125,1,race + age,2
124,125,2,gender,1
125,126,1,race,1
125,126,2,gender,1
125,126,3,age,1
126,127,1,race + age,2
126,127,2,gender,1
127,128,1,race + age,2
127,128,2,gender,1
128,129,1,race + age,2
128,129,2,gender,1
129,130,1,race + age,2
129,130,2,gender,1
130,131,1,race + age,2
130,131,2,gender,1
131,132,1,race + age,2
131,132,2,gender,1
132,133,1,race,1
132,133,2,gender + age,2
133,134,1,race + age,2
133,134,2,gender,1
134,135,1,race + age,2
134,135,2,gender,1
135,136,1,race + age,2
135,136,2,gender,1
136,137,1,race + age,2
136,137,2,gender,1
137,138,1,race,1
137,138,2,gender + age,2
138,139,1,race,1
138,139,2,gender + age,2
139,140,1,race,1
139,140,2,gender,1
139,140,3,age,1
140,141,1,race + age,2
140,141,2,gender,1
141,142,1,race,1
141,142,2,gender,1
141,142,3,age,1
142,143,1,race + age,2
142,143,2,gender,1
143,144,1,race,1
143,144,2,gender + age,2
144,145,1,race + age,2
144,145,2,gender,1
145,146,1,race + age,2
145,146,2,gender,1
146,147,1,race + age,2
146,147,2,gender,1
147,148,1,race + age,2
147,148,2,gender,1
148,149,1,race + age,2
148,149,2,gender,1
149,150,1,race,1
149,150,2,gender,1
149,150,3,age,1
150,151,1,race,1
150,151,2,gender + age,2
151,152,1,race + age,2
151,152,2,gender,1
152,153,1,race,1
152,153,2,gender,1
152,153,3,age,1
153,154,1,race,1
153,154,2,gender + age,2
154,155,1,race,1
154,155,2,gender,1
154,155,3,age,1
155,156,1,race + age,2
155,156,2,gender,1
156,157,1,race + age,2
156,157,2,gender,1
157,158,1,race,1
157,158,2,gender,1
157,158,3,age,1
158,159,1,race + age,2
158,159,2,gender,1
159,160,1,race,1
159,160,2,gender,1
159,160,3,age,1
160,161,1,race,1
160,161,2,gender,1
160,161,3,age,1
161,162,1,race + age,2
161,162,2,gender,1
162,163,1,race,1
162,163,2,gender,1
162,163,3,age,1
163,164,1,race + age,2
163,164,2,gender,1
164,165,1,race + age,2
164,165,2,gender,1
165,166,1,race + gender + age,3
166,167,1,race + gender + age,3
167,168,1,race + age,2
167,168,2,gender,1
168,169,1,race,1
168,169,2,gender + age,2
169,170,1,race + age,2
169,170,2,gender,1
170,171,1,race,1
170,171,2,gender,1
170,171,3,age,1
171,172,1,race,1
171,172,2,gender,1
171,172,3,age,1
172,173,1,race,1
172,173,2,gender + age,2
173,174,1,race,1
173,174,2,gender + age,2
174,175,1,race,1
174,175,2,gender + age,2
175,176,1,race,1
175,176,2,gender,1
175,176,3,age,1
176,177,1,race + age,2
176,177,2,gender,1
177,178,1,race,1
177,178,2,gender + age,2
178,179,1,race + gender + age,3
179,180,1,race,1
179,180,2,gender,1
179,180,3,age,1
180,181,1,race,1
180,181,2,gender + age,2
181,182,1,race + age,2
181,182,2,gender,1
182,183,1,race + age,2
182,183,2,gender,1
183,184,1,race + age,2
183,184,2,gender,1
184,185,1,race + age,2
184,185,2,gender,1
185,186,1,race + age,2
185,186,2,gender,1
186,187,1,race + age,2
186,187,2,gender,1
187,188,1,race,1
187,188,2,gender,1
187,188,3,age,1
188,189,1,race + age,2
188,189,2,gender,1
189,190,1,race,1
189,190,2,gender,1
189,190,3,age,1
190,191,1,race + age,2
190,191,2,gender,1
191,192,1,race,1
191,192,2,gender,1
191,192,3,age,1
192,193,1,race + gender + age,3
193,194,1,race + age,2
193,194,2,gender,1
194,195,1,race + age,2
194,195,2,gender,1
195,196,1,race,1
195,196,2,gender,1
195,196,3,age,1
196,197,1,race + age,2
196,197,2,gender,1
197,198,1,race,1
197,198,2,gender,1
197,198,3,age,1
198,199,1,race,1
198,199,2,gender + age,2
199,200,1,race + age,2
199,200,2,gender,1
200,201,1,race,1
200,201,2,gender + age,2
201,202,1,race + age,2
201,202,2,gender,1
202,203,1,race + age,2
202,203,2,gender,1
203,204,1,race,1
203,204,2,gender + age,2
204,205,1,race + age,2
204,205,2,gender,1
205,206,1,race,1
205,206,2,gender + age,2
206,207,1,race,1
206,207,2,gender,1
206,207,3,age,1
207,208,1,race + age,2
207,208,2,gender,1
208,209,1,race,1
208,209,2,gender + age,2
209,210,1,race,1
209,210,2,gender,1
209,210,3,age,1
210,211,1,race,1
210,211,2,gender + age,2
211,212,1,race + age,2
211,212,2,gender,1
212,213,1,race,1
212,213,2,gender,1
212,213,3,age,1
213,214,1,race,1
213,214,2,gender,1
213,214,3,age,1
214,215,1,race,1
214,215,2,gender,1
214,215,3,age,1
215,216,1,race + age,2
215,216,2,gender,1
216,217,1,race + age,2
216,217,2,gender,1
217,218,1,race + age,2
217,218,2,gender,1
218,219,1,race,1
218,219,2,gender,1
218,219,3,age,1
219,220,1,race + age,2
219,220,2,gender,1
220,221,1,race + age,2
220,221,2,gender,1
221,222,1,race + age,2
221,222,2,gender,1
222,223,1,race,1
222,223,2,gender,1
222,223,3,age,1
223,224,1,race,1
223,224,2,gender,1
223,224,3,age,1
224,225,1,race,1
224,225,2,gender + age,2
225,226,1,race + age,2
225,226,2,gender,1
226,227,1,race + gender,2
226,227,2,age,1
227,228,1,race,1
227,228,2,gender + age,2
228,229,1,race,1
228,229,2,gender + age,2
229,230,1,race,1
229,230,2,gender,1
229,230,3,age,1
230,231,1,race,1
230,231,2,gender + age,2
231,232,1,race,1
231,232,2,gender + age,2
232,233,1,race + age,2
232,233,2,gender,1
233,234,1,race,1
233,234,2,gender + age,2
234,235,1,race,1
234,235,2,gender,1
234,235,3,age,1
235,236,1,race,1
235,236,2,gender,1
235,236,3,age,1
236,237,1,race + age,2
236,237,2,gender,1
237,238,1,race + age,2
237,238,2,gender,1
238,239,1,race + age,2
238,239,2,gender,1
239,240,1,race + gender + age,3
240,241,1,race + age,2
240,241,2,gender,1
241,242,1,race,1
241,242,2,gender + age,2
242,243,1,race + age,2
242,243,2,gender,1
243,244,1,race,1
243,244,2,gender + age,2
244,245,1,race + age,2
244,245,2,gender,1
245,246,1,race,1
245,246,2,gender + age,2
246,247,1,race,1
246,247,2,gender,1
246,247,3,age,1
247,248,1,race,1
247,248,2,gender,1
247,248,3,age,1
248,249,1,race,1
248,249,2,gender,1
248,249,3,age,1
249,250,1,race + gender,2
249,250,2,age,1
250,251,1,race + age,2
250,251,2,gender,1
251,252,1,race + age,2
251,252,2,gender,1
252,253,1,race,1
252,253,2,gender + age,2
253,254,1,race,1
253,254,2,gender + age,2
254,255,1,race + age,2
254,255,2,gender,1
255,256,1,race,1
255,256,2,gender + age,2
256,257,1,race,1
256,257,2,gender,1
256,257,3,age,1
257,258,1,race,1
257,258,2,gender,1
257,258,3,age,1
258,259,1,race + age,2
258,259,2,gender,1
259,260,1,race,1
259,260,2,gender + age,2
260,261,1,race + age,2
260,261,2,gender,1
261,262,1,race,1
261,262,2,gender,1
261,262,3,age,1
262,263,1,race,1
262,263,2,gender,1
262,263,3,age,1
263,264,1,race,1
263,264,2,gender,1
263,264,3,age,1
264,265,1,race + age,2
264,265,2,gender,1
265,266,1,race + age,2
265,266,2,gender,1
266,267,1,race,1
266,267,2,gender,1
266,267,3,age,1
267,268,1,race + age,2
267,268,2,gender,1
268,269,1,race + age,2
268,269,2,gender,1
269,270,1,race + age,2
269,270,2,gender,1
270,271,1,race + age,2
270,271,2,gender,1
271,272,1,race,1
271,272,2,gender,1
271,272,3,age,1
272,273,1,race + age,2
272,273,2,gender,1
273,274,1,race + age,2
273,274,2,gender,1
274,275,1,race + age,2
274,275,2,gender,1
275,276,1,race + age,2
275,276,2,gender,1
276,277,1,race,1
276,277,2,gender,1
276,277,3,age,1
277,278,1,race,1
277,278,2,gender + age,2
278,279,1,race,1
278,279,2,gender,1
278,279,3,age,1
279,280,1,race,1
279,280,2,gender,1
279,280,3,age,1
280,281,1,race,1
280,281,2,gender + age,2
281,282,1,race + age,2
281,282,2,gender,1
282,283,1,race,1
282,283,2,gender,1
282,283,3,age,1
283,284,1,race + age,2
283,284,2,gender,1
284,285,1,race,1
284,285,2,gender,1
284,285,3,age,1
285,286,1,race,1
285,286,2,gender + age,2
286,287,1,race + gender,2
286,287,2,age,1
287,288,1,race + age,2
287,288,2,gender,1
288,289,1,race + age,2
288,289,2,gender,1
289,290,1,race + age,2
289,290,2,gender,1
290,291,1,race + gender,2
290,291,2,age,1
291,292,1,race,1
291,292,2,gender + age,2
292,293,1,race,1
292,293,2,gender,1
292,293,3,age,1
293,294,1,race + age,2
293,294,2,gender,1
294,295,1,race,1
294,295,2,gender + age,2
295,296,1,race,1
295,296,2,gender,1
295,296,3,age,1
296,297,1,race + age,2
296,297,2,gender,1
297,298,1,race,1
297,298,2,gender,1
297,298,3,age,1
298,299,1,race + age,2
298,299,2,gender,1
299,300,1,race + age,2
299,300,2,gender,1
300,301,1,race + age,2
300,301,2,gender,1
301,302,1,race + age,2
301,302,2,gender,1
302,303,1,race + age,2
302,303,2,gender,1
303,304,1,race,1
303,304,2,gender,1
303,304,3,age,1
304,305,1,race,1
304,305,2,gender,1
304,305,3,age,1
305,306,1,race + age,2
305,306,2,gender,1
306,307,1,race,1
306,307,2,gender,1
306,307,3,age,1
307,308,1,race,1
307,308,2,gender + age,2
308,309,1,race + age,2
308,309,2,gender,1
309,310,1,race,1
309,310,2,gender,1
309,310,3,age,1
310,311,1,race + age,2
310,311,2,gender,1
311,312,1,race,1
311,312,2,gender + age,2
312,313,1,race,1
312,313,2,gender,1
312,313,3,age,1
313,314,1,race + age,2
313,314,2,gender,1
314,315,1,race,1
314,315,2,gender + age,2
315,316,1,race,1
315,316,2,gender,1
315,316,3,age,1
316,317,1,race,1
316,317,2,gender,1
316,317,3,age,1
317,318,1,race,1
317,318,2,gender + age,2
318,319,1,race + age,2
318,319,2,gender,1
319,320,1,race,1
319,320,2,gender + age,2
320,321,1,race,1
320,321,2,gender,1
320,321,3,age,1
321,322,1,race + age,2
321,322,2,gender,1
322,323,1,race,1
322,323,2,gender,1
322,323,3,age,1
323,324,1,race,1
323,324,2,gender + age,2
324,325,1,race,1
324,325,2,gender,1
324,325,3,age,1
325,326,1,race + age,2
325,326,2,gender,1
326,327,1,race + age,2
326,327,2,gender,1
327,328,1,race,1
327,328,2,gender,1
327,328,3,age,1
328,329,1,race,1
328,329,2,gender,1
328,329,3,age,1
329,330,1,race + age,2
329,330,2,gender,1
330,331,1,race,1
330,331,2,gender,1
330,331,3,age,1
331,332,1,race,1
331,332,2,gender + age,2
332,333,1,race + age,2
332,333,2,gender,1
333,334,1,race + age,2
333,334,2,gender,1
334,335,1,race + age,2
334,335,2,gender,1
335,336,1,race + age,2
335,336,2,gender,1
336,337,1,race,1
336,337,2,gender,1
336,337,3,age,1
337,338,1,race + age,2
337,338,2,gender,1
338,339,1,race,1
338,339,2,gender + age,2
339,340,1,race + age,2
339,340,2,gender,1
340,341,1,race + age,2
340,341,2,gender,1
341,342,1,race,1
341,342,2,gender,1
341,342,3,age,1
342,343,1,race,1
342,343,2,gender + age,2
343,344,1,race + gender + age,3
344,345,1,race + age,2
344,345,2,gender,1
345,346,1,race,1
345,346,2,gender,1
345,346,3,age,1
346,347,1,race + age,2
346,347,2,gender,1
347,348,1,race + age,2
347,348,2,gender,1
348,349,1,race + age,2
348,349,2,gender,1
349,350,1,race + age,2
349,350,2,gender,1
350,351,1,race,1
350,351,2,gender + age,2
351,352,1,race,1
351,352,2,gender,1
351,352,3,age,1
352,353,1,race + age,2
352,353,2,gender,1
353,354,1,race,1
353,354,2,gender,1
353,354,3,age,1
354,355,1,race + age,2
354,355,2,gender,1
355,356,1,race + age,2
355,356,2,gender,1
356,357,1,race + age,2
356,357,2,gender,1
357,358,1,race + age,2
357,358,2,gender,1
358,359,1,race + age,2
358,359,2,gender,1
359,360,1,race,1
359,360,2,gender + age,2
360,361,1,race,1
360,361,2,gender,1
360,361,3,age,1
361,362,1,race,1
361,362,2,gender + age,2
362,363,1,race + age,2
362,363,2,gender,1
363,364,1,race + age,2
363,364,2,gender,1
364,365,1,race + age,2
364,365,2,gender,1
365,366,1,race + age,2
365,366,2,gender,1
366,367,1,race,1
366,367,2,gender + age,2
367,368,1,race + age,2
367,368,2,gender,1
368,369,1,race,1
368,369,2,gender + age,2
369,370,1,race,1
369,370,2,gender,1
369,370,3,age,1
370,371,1,race + age,2
370,371,2,gender,1
371,372,1,race,1
371,372,2,gender,1
371,372,3,age,1
372,373,1,race,1
372,373,2,gender + age,2
373,374,1,race + age,2
373,374,2,gender,1
374,375,1,race + age,2
374,375,2,gender,1
375,376,1,race,1
375,376,2,gender,1
375,376,3,age,1
376,377,1,race + age,2
376,377,2,gender,1
377,378,1,race + age,2
377,378,2,gender,1
378,379,1,race,1
378,379,2,gender + age,2
379,380,1,race,1
379,380,2,gender,1
379,380,3,age,1
380,381,1,race + age,2
380,381,2,gender,1
381,382,1,race + age,2
381,382,2,gender,1
382,383,1,race + age,2
382,383,2,gender,1
383,384,1,race + age,2
383,384,2,gender,1
384,385,1,race + age,2
384,385,2,gender,1
385,386,1,race,1
385,386,2,gender,1
385,386,3,age,1
386,387,1,race + age,2
386,387,2,gender,1
387,388,1,race + age,2
387,388,2,gender,1
388,389,1,race + gender + age,3
389,390,1,race + age,2
389,390,2,gender,1
390,391,1,race + age,2
390,391,2,gender,1
391,392,1,race,1
391,392,2,gender + age,2
392,393,1,race + age,2
392,393,2,gender,1
393,394,1,race + age,2
393,394,2,gender,1
394,395,1,race + gender,2
394,395,2,age,1
395,396,1,race + age,2
395,396,2,gender,1
396,397,1,race,1
396,397,2,gender,1
396,397,3,age,1
397,398,1,race + age,2
397,398,2,gender,1
398,399,1,race,1
398,399,2,gender + age,2
399,400,1,race,1
399,400,2,gender,1
399,400,3,age,1
400,401,1,race + age,2
400,401,2,gender,1
401,402,1,race + age,2
401,402,2,gender,1
402,403,1,race + age,2
402,403,2,gender,1
403,404,1,race + age,2
403,404,2,gender,1
404,405,1,race,1
404,405,2,gender,1
404,405,3,age,1
405,406,1,race,1
405,406,2,gender + age,2
406,407,1,race + age,2
406,407,2,gender,1
407,408,1,race + age,2
407,408,2,gender,1
408,409,1,race,1
408,409,2,gender,1
408,409,3,age,1
409,410,1,race,1
409,410,2,gender + age,2
410,411,1,race,1
410,411,2,gender + age,2
411,412,1,race + age,2
411,412,2,gender,1
412,413,1,race + age,2
412,413,2,gender,1
413,414,1,race + age,2
413,414,2,gender,1
414,415,1,race,1
414,415,2,gender + age,2
415,416,1,race + age,2
415,416,2,gender,1
416,417,1,race + age,2
416,417,2,gender,1
417,418,1,race,1
417,418,2,gender,1
417,418,3,age,1
418,419,1,race + age,2
418,419,2,gender,1
419,420,1,race + gender,2
419,420,2,age,1
420,421,1,race + age,2
420,421,2,gender,1
421,422,1,race + age,2
421,422,2,gender,1
422,423,1,race,1
422,423,2,gender,1
422,423,3,age,1
423,424,1,race,1
423,424,2,gender + age,2
424,425,1,race,1
424,425,2,gender + age,2
425,426,1,race + age,2
425,426,2,gender,1
426,427,1,race + age,2
426,427,2,gender,1
427,428,1,race + age,2
427,428,2,gender,1
428,429,1,race,1
428,429,2,gender + age,2
429,430,1,race + age,2
429,430,2,gender,1
430,431,1,race,1
430,431,2,gender,1
430,431,3,age,1
431,432,1,race + age,2
431,432,2,gender,1
432,433,1,race + age,2
432,433,2,gender,1
433,434,1,race + age,2
433,434,2,gender,1
434,435,1,race + age,2
434,435,2,gender,1
435,436,1,race + age,2
435,436,2,gender,1
436,437,1,race,1
436,437,2,gender,1
436,437,3,age,1
437,438,1,race + age,2
437,438,2,gender,1
438,439,1,race,1
438,439,2,gender,1
438,439,3,age,1
439,440,1,race,1
439,440,2,gender,1
439,440,3,age,1
440,441,1,race,1
440,441,2,gender + age,2
441,442,1,race,1
441,442,2,gender,1
441,442,3,age,1
442,443,1,race + age,2
442,443,2,gender,1
443,444,1,race,1
443,444,2,gender,1
443,444,3,age,1
444,445,1,race + age,2
444,445,2,gender,1
445,446,1,race,1
445,446,2,gender + age,2
446,447,1,race + age,2
446,447,2,gender,1
447,448,1,race,1
447,448,2,gender + age,2
448,449,1,race,1
448,449,2,gender + age,2
449,450,1,race + gender,2
449,450,2,age,1
450,451,1,race + age,2
450,451,2,gender,1
451,452,1,race,1
451,452,2,gender + age,2
452,453,1,race + age,2
452,453,2,gender,1
453,454,1,race,1
453,454,2,gender + age,2
454,455,1,race,1
454,455,2,gender,1
454,455,3,age,1
455,456,1,race,1
455,456,2,gender + age,2
456,457,1,race,1
456,457,2,gender,1
456,457,3,age,1
457,458,1,race + age,2
457,458,2,gender,1
458,459,1,race + age,2
458,459,2,gender,1
459,460,1,race + age,2
459,460,2,gender,1
460,461,1,race + age,2
460,461,2,gender,1
461,462,1,race,1
461,462,2,gender,1
461,462,3,age,1
462,463,1,race,1
462,463,2,gender,1
462,463,3,age,1
463,464,1,race + age,2
463,464,2,gender,1
464,465,1,race + gender,2
464,465,2,age,1
465,466,1,race,1
465,466,2,gender + age,2
466,467,1,race + age,2
466,467,2,gender,1
467,468,1,race + age,2
467,468,2,gender,1
468,469,1,race,1
468,469,2,gender,1
468,469,3,age,1
469,470,1,race + age,2
469,470,2,gender,1
470,471,1,race,1
470,471,2,gender,1
470,471,3,age,1
471,472,1,race + age,2
471,472,2,gender,1
472,473,1,race + gender,2
472,473,2,age,1
473,474,1,race,1
473,474,2,gender + age,2
474,475,1,race + age,2
474,475,2,gender,1
475,476,1,race + age,2
475,476,2,gender,1
476,477,1,race,1
476,477,2,gender,1
476,477,3,age,1
477,478,1,race + age,2
477,478,2,gender,1
478,479,1,race + age,2
478,479,2,gender,1
479,480,1,race,1
479,480,2,gender,1
479,480,3,age,1
480,481,1,race + age,2
480,481,2,gender,1
481,482,1,race,1
481,482,2,gender,1
481,482,3,age,1
482,483,1,race + age,2
482,483,2,gender,1
483,484,1,race,1
483,484,2,gender + age,2
484,485,1,race + age,2
484,485,2,gender,1
485,486,1,race,1
485,486,2,gender + age,2
486,487,1,race + age,2
486,487,2,gender,1
487,488,1,race + age,2
487,488,2,gender,1
488,489,1,race,1
488,489,2,gender,1
488,489,3,age,1
489,490,1,race + age,2
489,490,2,gender,1
490,491,1,race,1
490,491,2,gender + age,2
491,492,1,race + age,2
491,492,2,gender,1
492,493,1,race,1
492,493,2,gender,1
492,493,3,age,1
493,494,1,race,1
493,494,2,gender,1
493,494,3,age,1
494,495,1,race,1
494,495,2,gender,1
494,495,3,age,1
495,496,1,race + gender + age,3
496,497,1,race + age,2
496,497,2,gender,1
497,498,1,race + gender + age,3
498,499,1,race + age,2
498,499,2,gender,1
499,500,1,race + age,2
499,500,2,gender,1
500,501,1,race + gender + age,3
501,502,1,race,1
501,502,2,gender,1
501,502,3,age,1
502,503,1,race,1
502,503,2,gender + age,2
503,504,1,race + age,2
503,504,2,gender,1
504,505,1,race,1
504,505,2,gender + age,2
505,506,1,race + age,2
505,506,2,gender,1
506,507,1,race,1
506,507,2,gender + age,2
507,508,1,race,1
507,508,2,gender + age,2
508,509,1,race + age,2
508,509,2,gender,1
509,510,1,race,1
509,510,2,gender + age,2
510,511,1,race + age,2
510,511,2,gender,1
511,512,1,race + gender,2
511,512,2,age,1
512,513,1,race + age,2
512,513,2,gender,1
513,514,1,race + age,2
513,514,2,gender,1
514,515,1,race + age,2
514,515,2,gender,1
515,516,1,race,1
515,516,2,gender + age,2
516,517,1,race,1
516,517,2,gender,1
516,517,3,age,1
517,518,1,race,1
517,518,2,gender,1
517,518,3,age,1
518,519,1,race,1
518,519,2,gender + age,2
519,520,1,race,1
519,520,2,gender,1
519,520,3,age,1
520,521,1,race,1
520,521,2,gender,1
520,521,3,age,1
521,522,1,race,1
521,522,2,gender,1
521,522,3,age,1
522,523,1,race + age,2
522,523,2,gender,1
523,524,1,race,1
523,524,2,gender,1
523,524,3,age,1
524,525,1,race,1
524,525,2,gender + age,2
525,526,1,race + age,2
525,526,2,gender,1
526,527,1,race + age,2
526,527,2,gender,1
527,528,1,race + age,2
527,528,2,gender,1
528,529,1,race + age,2
528,529,2,gender,1
529,530,1,race,1
529,530,2,gender,1
529,530,3,age,1
530,531,1,race,1
530,531,2,gender,1
530,531,3,age,1
531,532,1,race + age,2
531,532,2,gender,1
532,533,1,race + age,2
532,533,2,gender,1
533,534,1,race + gender + age,3
534,535,1,race + age,2
534,535,2,gender,1
535,536,1,race + age,2
535,536,2,gender,1
536,537,1,race,1
536,537,2,gender + age,2
537,538,1,race,1
537,538,2,gender + age,2
538,539,1,race,1
538,539,2,gender + age,2
539,540,1,race,1
539,540,2,gender + age,2
540,541,1,race,1
540,541,2,gender,1
540,541,3,age,1
541,542,1,race + age,2
541,542,2,gender,1
542,543,1,race,1
542,543,2,gender + age,2
543,544,1,race + gender,2
543,544,2,age,1
544,545,1,race + age,2
544,545,2,gender,1
545,546,1,race + age,2
545,546,2,gender,1
546,547,1,race + age,2
546,547,2,gender,1
547,548,1,race + age,2
547,548,2,gender,1
548,549,1,race + age,2
548,549,2,gender,1
549,550,1,race + age,2
549,550,2,gender,1
550,551,1,race + age,2
550,551,2,gender,1
551,552,1,race + age,2
551,552,2,gender,1
552,553,1,race + age,2
552,553,2,gender,1
553,554,1,race + age,2
553,554,2,gender,1
554,555,1,race + age,2
554,555,2,gender,1
555,556,1,race,1
555,556,2,gender + age,2
556,557,1,race + age,2
556,557,2,gender,1
557,558,1,race + age,2
557,558,2,gender,1
558,559,1,race + age,2
558,559,2,gender,1
559,560,1,race + age,2
559,560,2,gender,1
560,561,1,race + age,2
560,561,2,gender,1
561,562,1,race,1
561,562,2,gender,1
561,562,3,age,1
562,563,1,race,1
562,563,2,gender + age,2
563,564,1,race + age,2
563,564,2,gender,1
564,565,1,race + age,2
564,565,2,gender,1
565,566,1,race + age,2
565,566,2,gender,1
566,567,1,race + gender,2
566,567,2,age,1
567,568,1,race + gender,2
567,568,2,age,1
568,569,1,race + age,2
568,569,2,gender,1
569,570,1,race + gender,2
569,570,2,age,1
570,571,1,race,1
570,571,2,gender,1
570,571,3,age,1
571,572,1,race + age,2
571,572,2,gender,1
572,573,1,race + age,2
572,573,2,gender,1
573,574,1,race + age,2
573,574,2,gender,1
574,575,1,race,1
574,575,2,gender,1
574,575,3,age,1
575,576,1,race,1
575,576,2,gender,1
575,576,3,age,1
576,577,1,race,1
576,577,2,gender + age,2
577,578,1,race + age,2
577,578,2,gender,1
578,579,1,race,1
578,579,2,gender,1
578,579,3,age,1
579,580,1,race,1
579,580,2,gender,1
579,580,3,age,1
580,581,1,race,1
580,581,2,gender + age,2
581,582,1,race,1
581,582,2,gender + age,2
582,583,1,race,1
582,583,2,gender + age,2
583,584,1,race + age,2
583,584,2,gender,1
584,585,1,race + age,2
584,585,2,gender,1
585,586,1,race,1
585,586,2,gender + age,2
586,587,1,race + gender,2
586,587,2,age,1
587,588,1,race + age,2
587,588,2,gender,1
588,589,1,race + age,2
588,589,2,gender,1
589,590,1,race + age,2
589,590,2,gender,1
590,591,1,race,1
590,591,2,gender,1
590,591,3,age,1
591,592,1,race,1
591,592,2,gender + age,2
592,593,1,race,1
592,593,2,gender + age,2
593,594,1,race,1
593,594,2,gender,1
593,594,3,age,1
594,595,1,race + age,2
594,595,2,gender,1
595,596,1,race,1
595,596,2,gender + age,2
596,597,1,race + age,2
596,597,2,gender,1
597,598,1,race + age,2
597,598,2,gender,1
598,599,1,race,1
598,599,2,gender + age,2
599,600,1,race,1
599,600,2,gender,1
599,600,3,age,1
600,601,1,race,1
600,601,2,gender + age,2
601,602,1,race + age,2
601,602,2,gender,1
602,603,1,race,1
602,603,2,gender,1
602,603,3,age,1
603,604,1,race + age,2
603,604,2,gender,1
604,605,1,race + gender,2
604,605,2,age,1
605,606,1,race + age,2
605,606,2,gender,1
606,607,1,race,1
606,607,2,gender + age,2
607,608,1,race,1
607,608,2,gender,1
607,608,3,age,1
608,609,1,race + gender,2
608,609,2,age,1
609,610,1,race,1
609,610,2,gender + age,2
610,611,1,race + age,2
610,611,2,gender,1
611,612,1,race + age,2
611,612,2,gender,1
612,613,1,race + age,2
612,613,2,gender,1
613,614,1,race + age,2
613,614,2,gender,1
614,615,1,race,1
614,615,2,gender,1
614,615,3,age,1
615,616,1,race + gender + age,3
616,617,1,race + age,2
616,617,2,gender,1
617,618,1,race,1
617,618,2,gender + age,2
618,619,1,race,1
618,619,2,gender + age,2
619,620,1,race + age,2
619,620,2,gender,1
620,621,1,race + age,2
620,621,2,gender,1
621,622,1,race + age,2
621,622,2,gender,1
622,623,1,race + gender,2
622,623,2,age,1
623,624,1,race,1
623,624,2,gender + age,2
624,625,1,race + age,2
624,625,2,gender,1
625,626,1,race,1
625,626,2,gender,1
625,626,3,age,1
626,627,1,race + age,2
626,627,2,gender,1
627,628,1,race + age,2
627,628,2,gender,1
628,629,1,race + age,2
628,629,2,gender,1
629,630,1,race,1
629,630,2,gender,1
629,630,3,age,1
630,631,1,race + age,2
630,631,2,gender,1
631,632,1,race + age,2
631,632,2,gender,1
632,633,1,race,1
632,633,2,gender + age,2
633,634,1,race,1
633,634,2,gender + age,2
634,635,1,race,1
634,635,2,gender + age,2
635,636,1,race,1
635,636,2,gender + age,2
636,637,1,race,1
636,637,2,gender + age,2
637,638,1,race + age,2
637,638,2,gender,1
638,639,1,race,1
638,639,2,gender + age,2
639,640,1,race + age,2
639,640,2,gender,1
640,641,1,race + age,2
640,641,2,gender,1
641,642,1,race,1
641,642,2,gender,1
641,642,3,age,1
642,643,1,race + age,2
642,643,2,gender,1
643,644,1,race,1
643,644,2,gender + age,2
644,645,1,race,1
644,645,2,gender,1
644,645,3,age,1
645,646,1,race + age,2
645,646,2,gender,1
646,647,1,race + age,2
646,647,2,gender,1
647,648,1,race,1
647,648,2,gender,1
647,648,3,age,1
648,649,1,race,1
648,649,2,gender,1
648,649,3,age,1
649,650,1,race + age,2
649,650,2,gender,1
650,651,1,race + age,2
650,651,2,gender,1
651,652,1,race + age,2
651,652,2,gender,1
652,653,1,race,1
652,653,2,gender + age,2
653,654,1,race + age,2
653,654,2,gender,1
654,655,1,race + age,2
654,655,2,gender,1
655,656,1,race,1
655,656,2,gender + age,2
656,657,1,race,1
656,657,2,gender,1
656,657,3,age,1
657,658,1,race,1
657,658,2,gender,1
657,658,3,age,1
658,659,1,race + age,2
658,659,2,gender,1
659,660,1,race,1
659,660,2,gender + age,2
660,661,1,race,1
660,661,2,gender,1
660,661,3,age,1
661,662,1,race + age,2
661,662,2,gender,1
662,663,1,race,1
662,663,2,gender + age,2
663,664,1,race,1
663,664,2,gender,1
663,664,3,age,1
664,665,1,race + age,2
664,665,2,gender,1
665,666,1,race,1
665,666,2,gender + age,2
666,667,1,race,1
666,667,2,gender + age,2
667,668,1,race,1
667,668,2,gender,1
667,668,3,age,1
668,669,1,race,1
668,669,2,gender,1
668,669,3,age,1
669,670,1,race + age,2
669,670,2,gender,1
670,671,1,race + age,2
670,671,2,gender,1
671,672,1,race + age,2
671,672,2,gender,1
672,673,1,race + age,2
672,673,2,gender,1
673,674,1,race,1
673,674,2,gender,1
673,674,3,age,1
674,675,1,race,1
674,675,2,gender,1
674,675,3,age,1
675,676,1,race,1
675,676,2,gender + age,2
676,677,1,race + age,2
676,677,2,gender,1
677,678,1,race + age,2
677,678,2,gender,1
678,679,1,race,1
678,679,2,gender + age,2
679,680,1,race,1
679,680,2,gender,1
679,680,3,age,1
680,681,1,race,1
680,681,2,gender,1
680,681,3,age,1
681,682,1,race + age,2
681,682,2,gender,1
682,683,1,race + age,2
682,683,2,gender,1
683,684,1,race,1
683,684,2,gender,1
683,684,3,age,1
684,685,1,race + age,2
684,685,2,gender,1
685,686,1,race,1
685,686,2,gender + age,2
686,687,1,race,1
686,687,2,gender + age,2
687,688,1,race,1
687,688,2,gender + age,2
688,689,1,race,1
688,689,2,gender,1
688,689,3,age,1
689,690,1,race + gender,2
689,690,2,age,1
690,691,1,race + age,2
690,691,2,gender,1
691,692,1,race + age,2
691,692,2,gender,1
692,693,1,race + age,2
692,693,2,gender,1
693,694,1,race,1
693,694,2,gender,1
693,694,3,age,1
694,695,1,race + gender,2
694,695,2,age,1
695,696,1,race + age,2
695,696,2,gender,1
696,697,1,race,1
696,697,2,gender,1
696,697,3,age,1
697,698,1,race + age,2
697,698,2,gender,1
698,699,1,race + age,2
698,699,2,gender,1
699,700,1,race + age,2
699,700,2,gender,1
700,701,1,race + age,2
700,701,2,gender,1
701,702,1,race + gender + age,3
702,703,1,race + gender + age,3
703,704,1,race + age,2
703,704,2,gender,1
704,705,1,race,1
704,705,2,gender + age,2
705,706,1,race,1
705,706,2,gender,1
705,706,3,age,1
706,707,1,race,1
706,707,2,gender,1
706,707,3,age,1
707,708,1,race + age,2
707,708,2,gender,1
708,709,1,race + age,2
708,709,2,gender,1
709,710,1,race + age,2
709,710,2,gender,1
710,711,1,race + gender,2
710,711,2,age,1
711,712,1,race + age,2
711,712,2,gender,1
712,713,1,race,1
712,713,2,gender + age,2
713,714,1,race + age,2
713,714,2,gender,1
714,715,1,race + age,2
714,715,2,gender,1
715,716,1,race + gender + age,3
716,717,1,race + age,2
716,717,2,gender,1
717,718,1,race + age,2
717,718,2,gender,1
718,719,1,race,1
718,719,2,gender,1
718,719,3,age,1
719,720,1,race,1
719,720,2,gender + age,2
720,721,1,race,1
720,721,2,gender + age,2
721,722,1,race + age,2
721,722,2,gender,1
722,723,1,race + age,2
722,723,2,gender,1
723,724,1,race,1
723,724,2,gender + age,2
724,725,1,race + age,2
724,725,2,gender,1
725,726,1,race + age,2
725,726,2,gender,1
726,727,1,race,1
726,727,2,gender,1
726,727,3,age,1
727,728,1,race,1
727,728,2,gender,1
727,728,3,age,1
728,729,1,race,1
728,729,2,gender + age,2
729,730,1,race,1
729,730,2,gender + age,2
730,731,1,race + age,2
730,731,2,gender,1
731,732,1,race,1
731,732,2,gender,1
731,732,3,age,1
732,733,1,race,1
732,733,2,gender,1
732,733,3,age,1
733,734,1,race + age,2
733,734,2,gender,1
734,735,1,race,1
734,735,2,gender + age,2
735,736,1,race + gender,2
735,736,2,age,1
736,737,1,race + age,2
736,737,2,gender,1
737,738,1,race,1
737,738,2,gender + age,2
738,739,1,race,1
738,739,2,gender,1
738,739,3,age,1
739,740,1,race,1
739,740,2,gender + age,2
740,741,1,race,1
740,741,2,gender + age,2
741,742,1,race + age,2
741,742,2,gender,1
742,743,1,race + age,2
742,743,2,gender,1
743,744,1,race + age,2
743,744,2,gender,1
744,745,1,race,1
744,745,2,gender,1
744,745,3,age,1
745,746,1,race,1
745,746,2,gender,1
745,746,3,age,1
746,747,1,race,1
746,747,2,gender,1
746,747,3,age,1
747,748,1,race,1
747,748,2,gender,1
747,748,3,age,1
748,749,1,race + age,2
748,749,2,gender,1
749,750,1,race,1
749,750,2,gender,1
749,750,3,age,1
750,751,1,race + gender + age,3
751,752,1,race,1
751,752,2,gender + age,2
752,753,1,race + age,2
752,753,2,gender,1
753,754,1,race,1
753,754,2,gender,1
753,754,3,age,1
754,755,1,race + gender,2
754,755,2,age,1
755,756,1,race,1
755,756,2,gender + age,2
756,757,1,race,1
756,757,2,gender + age,2
757,758,1,race + age,2
757,758,2,gender,1
758,759,1,race + age,2
758,759,2,gender,1
759,760,1,race,1
759,760,2,gender + age,2
760,761,1,race,1
760,761,2,gender,1
760,761,3,age,1
761,762,1,race,1
761,762,2,gender,1
761,762,3,age,1
762,763,1,race,1
762,763,2,gender,1
762,763,3,age,1
763,764,1,race + age,2
763,764,2,gender,1
764,765,1,race + age,2
764,765,2,gender,1
765,766,1,race + age,2
765,766,2,gender,1
766,767,1,race + age,2
766,767,2,gender,1
767,768,1,race,1
767,768,2,gender + age,2
768,769,1,race,1
768,769,2,gender,1
768,769,3,age,1
769,770,1,race,1
769,770,2,gender,1
769,770,3,age,1
770,771,1,race,1
770,771,2,gender + age,2
771,772,1,race + age,2
771,772,2,gender,1
772,773,1,race,1
772,773,2,gender,1
772,773,3,age,1
773,774,1,race,1
773,774,2,gender,1
773,774,3,age,1
774,775,1,race + age,2
774,775,2,gender,1
775,776,1,race,1
775,776,2,gender,1
775,776,3,age,1
776,777,1,race,1
776,777,2,gender,1
776,777,3,age,1
777,778,1,race,1
777,778,2,gender,1
777,778,3,age,1
778,779,1,race,1
778,779,2,gender + age,2
779,780,1,race + age,2
779,780,2,gender,1
780,781,1,race + gender,2
780,781,2,age,1
781,782,1,race,1
781,782,2,gender + age,2
782,783,1,race + age,2
782,783,2,gender,1
783,784,1,race + age,2
783,784,2,gender,1
784,785,1,race,1
784,785,2,gender + age,2
785,786,1,race,1
785,786,2,gender + age,2
786,787,1,race + gender + age,3
787,788,1,race + age,2
787,788,2,gender,1
788,789,1,race,1
788,789,2,gender,1
788,789,3,age,1
789,790,1,race,1
789,790,2,gender + age,2
790,791,1,race,1
790,791,2,gender + age,2
791,792,1,race,1
791,792,2,gender + age,2
792,793,1,race + gender,2
792,793,2,age,1
793,794,1,race + age,2
793,794,2,gender,1
794,795,1,race,1
794,795,2,gender,1
794,795,3,age,1
795,796,1,race + gender + age,3
796,797,1,race,1
796,797,2,gender + age,2
797,798,1,race + gender,2
797,798,2,age,1
798,799,1,race + age,2
798,799,2,gender,1
799,800,1,race + gender + age,3
800,801,1,race + age,2
800,801,2,gender,1
801,802,1,race,1
801,802,2,gender + age,2
802,803,1,race,1
802,803,2,gender,1
802,803,3,age,1
803,804,1,race,1
803,804,2,gender + age,2
804,805,1,race + age,2
804,805,2,gender,1
805,806,1,race + age,2
805,806,2,gender,1
806,807,1,race,1
806,807,2,gender,1
806,807,3,age,1
807,808,1,race,1
807,808,2,gender + age,2
808,809,1,race + gender + age,3
809,810,1,race,1
809,810,2,gender,1
809,810,3,age,1
810,811,1,race,1
810,811,2,gender + age,2
811,812,1,race + age,2
811,812,2,gender,1
812,813,1,race + age,2
812,813,2,gender,1
813,814,1,race,1
813,814,2,gender + age,2
814,815,1,race,1
814,815,2,gender,1
814,815,3,age,1
815,816,1,race + gender + age,3
816,817,1,race + age,2
816,817,2,gender,1
817,818,1,race,1
817,818,2,gender + age,2
818,819,1,race,1
818,819,2,gender,1
818,819,3,age,1
819,820,1,race + age,2
819,820,2,gender,1
820,821,1,race,1
820,821,2,gender,1
820,821,3,age,1
821,822,1,race + age,2
821,822,2,gender,1
822,823,1,race + age,2
822,823,2,gender,1
823,824,1,race + age,2
823,824,2,gender,1
824,825,1,race + age,2
824,825,2,gender,1
825,826,1,race + gender + age,3
826,827,1,race + age,2
826,827,2,gender,1
827,828,1,race,1
827,828,2,gender + age,2
828,829,1,race + age,2
828,829,2,gender,1
829,830,1,race,1
829,830,2,gender,1
829,830,3,age,1
830,831,1,race,1
830,831,2,gender,1
830,831,3,age,1
831,832,1,race,1
831,832,2,gender,1
831,832,3,age,1
832,833,1,race + age,2
832,833,2,gender,1
833,834,1,race,1
833,834,2,gender + age,2
834,835,1,race,1
834,835,2,gender,1
834,835,3,age,1
835,836,1,race + gender,2
835,836,2,age,1
836,837,1,race,1
836,837,2,gender,1
836,837,3,age,1
837,838,1,race + age,2
837,838,2,gender,1
838,839,1,race,1
838,839,2,gender + age,2
839,840,1,race,1
839,840,2,gender,1
839,840,3,age,1
840,841,1,race,1
840,841,2,gender + age,2
841,842,1,race + age,2
841,842,2,gender,1
842,843,1,race,1
842,843,2,gender,1
842,843,3,age,1
843,844,1,race + age,2
843,844,2,gender,1
844,845,1,race + gender + age,3
845,846,1,race + age,2
845,846,2,gender,1
846,847,1,race + age,2
846,847,2,gender,1
847,848,1,race + age,2
847,848,2,gender,1
848,849,1,race + age,2
848,849,2,gender,1
849,850,1,race,1
849,850,2,gender + age,2
850,851,1,race,1
850,851,2,gender + age,2
851,852,1,race + age,2
851,852,2,gender,1
852,853,1,race,1
852,853,2,gender + age,2
853,854,1,race + age,2
853,854,2,gender,1
854,855,1,race + age,2
854,855,2,gender,1
855,856,1,race + age,2
855,856,2,gender,1
856,857,1,race + age,2
856,857,2,gender,1
857,858,1,race + age,2
857,858,2,gender,1
858,859,1,race + age,2
858,859,2,gender,1
859,860,1,race + age,2
859,860,2,gender,1
860,861,1,race + age,2
860,861,2,gender,1
861,862,1,race,1
861,862,2,gender + age,2
862,863,1,race,1
862,863,2,gender + age,2
863,864,1,race + age,2
863,864,2,gender,1
864,865,1,race + age,2
864,865,2,gender,1
865,866,1,race + age,2
865,866,2,gender,1
866,867,1,race + age,2
866,867,2,gender,1
867,868,1,race + age,2
867,868,2,gender,1
868,869,1,race + age,2
868,869,2,gender,1
869,870,1,race + age,2
869,870,2,gender,1
870,871,1,race + age,2
870,871,2,gender,1
871,872,1,race + age,2
871,872,2,gender,1
872,873,1,race + age,2
872,873,2,gender,1
873,874,1,race + age,2
873,874,2,gender,1
874,875,1,race,1
874,875,2,gender + age,2
875,876,1,race + gender + age,3
876,877,1,race + age,2
876,877,2,gender,1
877,878,1,race + age,2
877,878,2,gender,1
878,879,1,race + age,2
878,879,2,gender,1
879,880,1,race,1
879,880,2,gender + age,2
880,881,1,race,1
880,881,2,gender + age,2
881,882,1,race,1
881,882,2,gender,1
881,882,3,age,1
882,883,1,race + age,2
882,883,2,gender,1
883,884,1,race,1
883,884,2,gender,1
883,884,3,age,1
884,885,1,race + age,2
884,885,2,gender,1
885,886,1,race + age,2
885,886,2,gender,1
886,887,1,race + gender,2
886,887,2,age,1
887,888,1,race,1
887,888,2,gender + age,2
888,889,1,race,1
888,889,2,gender + age,2
889,890,1,race,1
889,890,2,gender + age,2
890,891,1,race,1
890,891,2,gender,1
890,891,3,age,1
891,892,1,race + age,2
891,892,2,gender,1
892,893,1,race,1
892,893,2,gender + age,2
893,894,1,race,1
893,894,2,gender,1
893,894,3,age,1
894,895,1,race,1
894,895,2,gender,1
894,895,3,age,1
895,896,1,race + age,2
895,896,2,gender,1
896,897,1,race + age,2
896,897,2,gender,1
897,898,1,race + age,2
897,898,2,gender,1
898,899,1,race,1
898,899,2,gender,1
898,899,3,age,1
899,900,1,race + age,2
899,900,2,gender,1
900,901,1,race + age,2
900,901,2,gender,1
901,902,1,race + age,2
901,902,2,gender,1
902,903,1,race,1
902,903,2,gender,1
902,903,3,age,1
903,904,1,race + age,2
903,904,2,gender,1
904,905,1,race,1
904,905,2,gender + age,2
905,906,1,race,1
905,906,2,gender,1
905,906,3,age,1
906,907,1,race + age,2
906,907,2,gender,1
907,908,1,race,1
907,908,2,gender,1
907,908,3,age,1
908,909,1,race + age,2
908,909,2,gender,1
909,910,1,race + age,2
909,910,2,gender,1
910,911,1,race + age,2
910,911,2,gender,1
911,912,1,race + age,2
911,912,2,gender,1
912,913,1,race,1
912,913,2,gender,1
912,913,3,age,1
913,914,1,race + age,2
913,914,2,gender,1
914,915,1,race + age,2
914,915,2,gender,1
915,916,1,race,1
915,916,2,gender + age,2
916,917,1,race,1
916,917,2,gender + age,2
917,918,1,race,1
917,918,2,gender,1
917,918,3,age,1
918,919,1,race + age,2
918,919,2,gender,1
919,920,1,race,1
919,920,2,gender + age,2
920,921,1,race + age,2
920,921,2,gender,1
921,922,1,race + age,2
921,922,2,gender,1
922,923,1,race + age,2
922,923,2,gender,1
923,924,1,race,1
923,924,2,gender,1
923,924,3,age,1
924,925,1,race,1
924,925,2,gender + age,2
925,926,1,race + age,2
925,926,2,gender,1
926,927,1,race,1
926,927,2,gender,1
926,927,3,age,1
927,928,1,race + age,2
927,928,2,gender,1
928,929,1,race + age,2
928,929,2,gender,1
929,930,1,race + age,2
929,930,2,gender,1
930,931,1,race,1
930,931,2,gender,1
930,931,3,age,1
931,932,1,race + age,2
931,932,2,gender,1
932,933,1,race + age,2
932,933,2,gender,1
933,934,1,race,1
933,934,2,gender + age,2
934,935,1,race + age,2
934,935,2,gender,1
935,936,1,race,1
935,936,2,gender + age,2
936,937,1,race + age,2
936,937,2,gender,1
937,938,1,race + age,2
937,938,2,gender,1
938,939,1,race,1
938,939,2,gender,1
938,939,3,age,1
939,940,1,race + age,2
939,940,2,gender,1
940,941,1,race + age,2
940,941,2,gender,1
941,942,1,race,1
941,942,2,gender,1
941,942,3,age,1
942,943,1,race,1
942,943,2,gender + age,2
943,944,1,race + age,2
943,944,2,gender,1
944,945,1,race + age,2
944,945,2,gender,1
945,946,1,race + age,2
945,946,2,gender,1
946,947,1,race + age,2
946,947,2,gender,1
947,948,1,race,1
947,948,2,gender + age,2
948,949,1,race + age,2
948,949,2,gender,1
949,950,1,race + age,2
949,950,2,gender,1
950,951,1,race,1
950,951,2,gender + age,2
951,952,1,race + age,2
951,952,2,gender,1
952,953,1,race + age,2
952,953,2,gender,1
953,954,1,race,1
953,954,2,gender,1
953,954,3,age,1
954,955,1,race,1
954,955,2,gender,1
954,955,3,age,1
955,956,1,race,1
955,956,2,gender,1
955,956,3,age,1
956,957,1,race + age,2
956,957,2,gender,1
957,958,1,race,1
957,958,2,gender,1
957,958,3,age,1
958,959,1,race + age,2
958,959,2,gender,1
959,960,1,race,1
959,960,2,gender + age,2
960,961,1,race + age,2
960,961,2,gender,1
961,962,1,race,1
961,962,2,gender + age,2
962,963,1,race,1
962,963,2,gender,1
962,963,3,age,1
963,964,1,race + age,2
963,964,2,gender,1
964,965,1,race,1
964,965,2,gender + age,2
965,966,1,race + gender + age,3
966,967,1,race + age,2
966,967,2,gender,1
967,968,1,race + age,2
967,968,2,gender,1
968,969,1,race,1
968,969,2,gender + age,2
969,970,1,race,1
969,970,2,gender + age,2
970,971,1,race,1
970,971,2,gender,1
970,971,3,age,1
971,972,1,race,1
971,972,2,gender + age,2
972,973,1,race + age,2
972,973,2,gender,1
973,974,1,race + age,2
973,974,2,gender,1
974,975,1,race + age,2
974,975,2,gender,1
975,976,1,race + age,2
975,976,2,gender,1
976,977,1,race + age,2
976,977,2,gender,1
977,978,1,race + age,2
977,978,2,gender,1
978,979,1,race,1
978,979,2,gender + age,2
979,980,1,race,1
979,980,2,gender,1
979,980,3,age,1
980,981,1,race + age,2
980,981,2,gender,1
981,982,1,race,1
981,982,2,gender + age,2
982,983,1,race,1
982,983,2,gender + age,2
983,984,1,race,1
983,984,2,gender + age,2
984,985,1,race,1
984,985,2,gender + age,2
985,986,1,race + age,2
985,986,2,gender,1
986,987,1,race,1
986,987,2,gender + age,2
987,988,1,race + age,2
987,988,2,gender,1
988,989,1,race,1
988,989,2,gender,1
988,989,3,age,1
989,990,1,race,1
989,990,2,gender,1
989,990,3,age,1
990,991,1,race,1
990,991,2,gender + age,2
991,992,1,race + age,2
991,992,2,gender,1
992,993,1,race + age,2
992,993,2,gender,1
993,994,1,race,1
993,994,2,gender + age,2
994,995,1,race,1
994,995,2,gender,1
994,995,3,age,1
995,996,1,race + age,2
995,996,2,gender,1
996,997,1,race + age,2
996,997,2,gender,1
997,998,1,race,1
997,998,2,gender,1
997,998,3,age,1
998,999,1,race,1
998,999,2,gender + age,2
999,1000,1,race + age,2
999,1000,2,gender,1
1000,1001,1,race + age,2
1000,1001,2,gender,1
1001,1002,1,race + age,2
1001,1002,2,gender,1
1002,1003,1,race + age,2
1002,1003,2,gender,1
1003,1004,1,race + age,2
1003,1004,2,gender,1
1004,1005,1,race + age,2
1004,1005,2,gender,1
1005,1006,1,race,1
1005,1006,2,gender,1
1005,1006,3,age,1
1006,1007,1,race + age,2
1006,1007,2,gender,1
1007,1008,1,race + age,2
1007,1008,2,gender,1
1008,1009,1,race + age,2
1008,1009,2,gender,1
1009,1010,1,race + age,2
1009,1010,2,gender,1
1010,1011,1,race,1
1010,1011,2,gender,1
1010,1011,3,age,1
1011,1012,1,race + age,2
1011,1012,2,gender,1
1012,1013,1,race,1
1012,1013,2,gender,1
1012,1013,3,age,1
1013,1014,1,race,1
1013,1014,2,gender + age,2
1014,1015,1,race + age,2
1014,1015,2,gender,1
1015,1016,1,race + age,2
1015,1016,2,gender,1
1016,1017,1,race,1
1016,1017,2,gender,1
1016,1017,3,age,1
1017,1018,1,race,1
1017,1018,2,gender + age,2
1018,1019,1,race + age,2
1018,1019,2,gender,1
1019,1020,1,race + age,2
1019,1020,2,gender,1
1020,1021,1,race + age,2
1020,1021,2,gender,1
1021,1022,1,race + age,2
1021,1022,2,gender,1
1022,1023,1,race,1
1022,1023,2,gender + age,2
1023,1024,1,race,1
1023,1024,2,gender + age,2
1024,1025,1,race + age,2
1024,1025,2,gender,1
1025,1026,1,race,1
1025,1026,2,gender + age,2
1026,1027,1,race,1
1026,1027,2,gender,1
1026,1027,3,age,1
1027,1028,1,race + age,2
1027,1028,2,gender,1
1028,1029,1,race,1
1028,1029,2,gender,1
1028,1029,3,age,1
1029,1030,1,race,1
1029,1030,2,gender + age,2
1030,1031,1,race + age,2
1030,1031,2,gender,1
1031,1032,1,race + age,2
1031,1032,2,gender,1
1032,1033,1,race + age,2
1032,1033,2,gender,1
1033,1034,1,race + age,2
1033,1034,2,gender,1
1034,1035,1,race + age,2
1034,1035,2,gender,1
1035,1036,1,race,1
1035,1036,2,gender + age,2
1036,1037,1,race,1
1036,1037,2,gender + age,2
1037,1038,1,race + age,2
1037,1038,2,gender,1
1038,1039,1,race,1
1038,1039,2,gender,1
1038,1039,3,age,1
1039,1040,1,race + age,2
1039,1040,2,gender,1
1040,1041,1,race + age,2
1040,1041,2,gender,1
1041,1042,1,race,1
1041,1042,2,gender,1
1041,1042,3,age,1
1042,1043,1,race + age,2
1042,1043,2,gender,1
1043,1044,1,race + gender + age,3
1044,1045,1,race + age,2
1044,1045,2,gender,1
1045,1046,1,race,1
1045,1046,2,gender,1
1045,1046,3,age,1
1046,1047,1,race + age,2
1046,1047,2,gender,1
1047,1048,1,race + age,2
1047,1048,2,gender,1
1048,1049,1,race + age,2
1048,1049,2,gender,1
1049,1050,1,race + age,2
1049,1050,2,gender,1
1050,1051,1,race + age,2
1050,1051,2,gender,1
1051,1052,1,race + age,2
1051,1052,2,gender,1
1052,1053,1,race + age,2
1052,1053,2,gender,1
1053,1054,1,race + age,2
1053,1054,2,gender,1
1054,1055,1,race,1
1054,1055,2,gender + age,2
1055,1056,1,race + age,2
1055,1056,2,gender,1
1056,1057,1,race + age,2
1056,1057,2,gender,1
1057,1058,1,race + age,2
1057,1058,2,gender,1
1058,1059,1,race + age,2
1058,1059,2,gender,1
1059,1060,1,race + age,2
1059,1060,2,gender,1
1060,1061,1,race + age,2
1060,1061,2,gender,1
1061,1062,1,race,1
1061,1062,2,gender,1
1061,1062,3,age,1
1062,1063,1,race,1
1062,1063,2,gender,1
1062,1063,3,age,1
1063,1064,1,race,1
1063,1064,2,gender + age,2
1064,1065,1,race + gender + age,3
1065,1066,1,race + age,2
1065,1066,2,gender,1
1066,1067,1,race,1
1066,1067,2,gender,1
1066,1067,3,age,1
1067,1068,1,race,1
1067,1068,2,gender,1
1067,1068,3,age,1
1068,1069,1,race + age,2
1068,1069,2,gender,1
1069,1070,1,race,1
1069,1070,2,gender + age,2
1070,1071,1,race + age,2
1070,1071,2,gender,1
1071,1072,1,race,1
1071,1072,2,gender + age,2
1072,1073,1,race,1
1072,1073,2,gender + age,2
1073,1074,1,race + age,2
1073,1074,2,gender,1
1074,1075,1,race + gender + age,3
1075,1076,1,race + gender,2
1075,1076,2,age,1
1076,1077,1,race + age,2
1076,1077,2,gender,1
1077,1078,1,race,1
1077,1078,2,gender + age,2
1078,1079,1,race,1
1078,1079,2,gender + age,2
1079,1080,1,race + gender + age,3
1080,1081,1,race,1
1080,1081,2,gender,1
1080,1081,3,age,1
1081,1082,1,race,1
1081,1082,2,gender + age,2
1082,1083,1,race + age,2
1082,1083,2,gender,1
1083,1084,1,race,1
1083,1084,2,gender,1
1083,1084,3,age,1
1084,1085,1,race,1
1084,1085,2,gender + age,2
1085,1086,1,race + age,2
1085,1086,2,gender,1
1086,1087,1,race,1
1086,1087,2,gender + age,2
1087,1088,1,race,1
1087,1088,2,gender + age,2
1088,1089,1,race + age,2
1088,1089,2,gender,1
1089,1090,1,race,1
1089,1090,2,gender + age,2
1090,1091,1,race + age,2
1090,1091,2,gender,1
1091,1092,1,race + age,2
1091,1092,2,gender,1
1092,1093,1,race + age,2
1092,1093,2,gender,1
1093,1094,1,race,1
1093,1094,2,gender + age,2
1094,1095,1,race + age,2
1094,1095,2,gender,1
1095,1096,1,race,1
1095,1096,2,gender + age,2
1096,1097,1,race + age,2
1096,1097,2,gender,1
1097,1098,1,race,1
1097,1098,2,gender + age,2
1098,1099,1,race + age,2
1098,1099,2,gender,1
1099,1100,1,race + gender + age,3
1100,1101,1,race,1
1100,1101,2,gender + age,2
1101,1102,1,race,1
1101,1102,2,gender + age,2
1102,1103,1,race + age,2
1102,1103,2,gender,1
1103,1104,1,race,1
1103,1104,2,gender,1
1103,1104,3,age,1
1104,1105,1,race + age,2
1104,1105,2,gender,1
1105,1106,1,race,1
1105,1106,2,gender,1
1105,1106,3,age,1
1106,1107,1,race,1
1106,1107,2,gender + age,2
1107,1108,1,race,1
1107,1108,2,gender,1
1107,1108,3,age,1
1108,1109,1,race + gender + age,3
1109,1110,1,race + age,2
1109,1110,2,gender,1
1110,1111,1,race,1
1110,1111,2,gender,1
1110,1111,3,age,1
1111,1112,1,race,1
1111,1112,2,gender,1
1111,1112,3,age,1
1112,1113,1,race + age,2
1112,1113,2,gender,1
1113,1114,1,race,1
1113,1114,2,gender,1
1113,1114,3,age,1
1114,1115,1,race,1
1114,1115,2,gender + age,2
1115,1116,1,race,1
1115,1116,2,gender + age,2
1116,1117,1,race + age,2
1116,1117,2,gender,1
1117,1118,1,race + age,2
1117,1118,2,gender,1
1118,1119,1,race,1
1118,1119,2,gender + age,2
1119,1120,1,race + age,2
1119,1120,2,gender,1
1120,1121,1,race,1
1120,1121,2,gender,1
1120,1121,3,age,1
1121,1122,1,race + age,2
1121,1122,2,gender,1
1122,1123,1,race,1
1122,1123,2,gender + age,2
1123,1124,1,race + age,2
1123,1124,2,gender,1
1124,1125,1,race,1
1124,1125,2,gender,1
1124,1125,3,age,1
1125,1126,1,race + age,2
1125,1126,2,gender,1
1126,1127,1,race + age,2
1126,1127,2,gender,1
1127,1128,1,race,1
1127,1128,2,gender,1
1127,1128,3,age,1
1128,1129,1,race + age,2
1128,1129,2,gender,1
1129,1130,1,race + age,2
1129,1130,2,gender,1
1130,1131,1,race,1
1130,1131,2,gender,1
1130,1131,3,age,1
1131,1132,1,race + age,2
1131,1132,2,gender,1
1132,1133,1,race + age,2
1132,1133,2,gender,1
1133,1134,1,race,1
1133,1134,2,gender,1
1133,1134,3,age,1
1134,1135,1,race,1
1134,1135,2,gender + age,2
1135,1136,1,race,1
1135,1136,2,gender + age,2
1136,1137,1,race,1
1136,1137,2,gender,1
1136,1137,3,age,1
1137,1138,1,race + gender + age,3
1138,1139,1,race,1
1138,1139,2,gender,1
1138,1139,3,age,1
1139,1140,1,race,1
1139,1140,2,gender,1
1139,1140,3,age,1
1140,1141,1,race,1
1140,1141,2,gender,1
1140,1141,3,age,1
1141,1142,1,race,1
1141,1142,2,gender,1
1141,1142,3,age,1
1142,1143,1,race + age,2
1142,1143,2,gender,1
1143,1144,1,race + gender + age,3
1144,1145,1,race + age,2
1144,1145,2,gender,1
1145,1146,1,race + age,2
1145,1146,2,gender,1
1146,1147,1,race,1
1146,1147,2,gender + age,2
1147,1148,1,race + age,2
1147,1148,2,gender,1
1148,1149,1,race + age,2
1148,1149,2,gender,1
1149,1150,1,race + age,2
1149,1150,2,gender,1
1150,1151,1,race,1
1150,1151,2,gender + age,2
1151,1152,1,race + age,2
1151,1152,2,gender,1
1152,1153,1,race,1
1152,1153,2,gender,1
1152,1153,3,age,1
1153,1154,1,race + age,2
1153,1154,2,gender,1
1154,1155,1,race + gender,2
1154,1155,2,age,1
1155,1156,1,race,1
1155,1156,2,gender + age,2
1156,1157,1,race + age,2
1156,1157,2,gender,1
1157,1158,1,race + age,2
1157,1158,2,gender,1
1158,1159,1,race + gender + age,3
1159,1160,1,race + age,2
1159,1160,2,gender,1
1160,1161,1,race,1
1160,1161,2,gender,1
1160,1161,3,age,1
1161,1162,1,race,1
1161,1162,2,gender,1
1161,1162,3,age,1
1162,1163,1,race + age,2
1162,1163,2,gender,1
1163,1164,1,race + age,2
1163,1164,2,gender,1
1164,1165,1,race + age,2
1164,1165,2,gender,1
1165,1166,1,race + age,2
1165,1166,2,gender,1
1166,1167,1,race + age,2
1166,1167,2,gender,1
1167,1168,1,race + age,2
1167,1168,2,gender,1
1168,1169,1,race,1
1168,1169,2,gender,1
1168,1169,3,age,1
1169,1170,1,race + age,2
1169,1170,2,gender,1
1170,1171,1,race + age,2
1170,1171,2,gender,1
1171,1172,1,race + age,2
1171,1172,2,gender,1
1172,1173,1,race + age,2
1172,1173,2,gender,1
1173,1174,1,race,1
1173,1174,2,gender,1
1173,1174,3,age,1
1174,1175,1,race + age,2
1174,1175,2,gender,1
1175,1176,1,race + age,2
1175,1176,2,gender,1
1176,1177,1,race,1
1176,1177,2,gender,1
1176,1177,3,age,1
1177,1178,1,race,1
1177,1178,2,gender,1
1177,1178,3,age,1
1178,1179,1,race + age,2
1178,1179,2,gender,1
1179,1180,1,race + age,2
1179,1180,2,gender,1
1180,1181,1,race + age,2
1180,1181,2,gender,1
1181,1182,1,race + age,2
1181,1182,2,gender,1
1182,1183,1,race + age,2
1182,1183,2,gender,1
1183,1184,1,race,1
1183,1184,2,gender + age,2
1184,1185,1,race,1
1184,1185,2,gender + age,2
1185,1186,1,race + age,2
1185,1186,2,gender,1
1186,1187,1,race + age,2
1186,1187,2,gender,1
1187,1188,1,race + age,2
1187,1188,2,gender,1
1188,1189,1,race,1
1188,1189,2,gender + age,2
1189,1190,1,race + age,2
1189,1190,2,gender,1
1190,1191,1,race + age,2
1190,1191,2,gender,1
1191,1192,1,race,1
1191,1192,2,gender + age,2
1192,1193,1,race,1
1192,1193,2,gender,1
1192,1193,3,age,1
1193,1194,1,race,1
1193,1194,2,gender,1
1193,1194,3,age,1
1194,1195,1,race + age,2
1194,1195,2,gender,1
1195,1196,1,race + age,2
1195,1196,2,gender,1
1196,1197,1,race,1
1196,1197,2,gender,1
1196,1197,3,age,1
1197,1198,1,race + age,2
1197,1198,2,gender,1
1198,1199,1,race,1
1198,1199,2,gender,1
1198,1199,3,age,1
1199,1200,1,race + age,2
1199,1200,2,gender,1
1200,1201,1,race + age,2
1200,1201,2,gender,1
1201,1202,1,race + age,2
1201,1202,2,gender,1
1202,1203,1,race + age,2
1202,1203,2,gender,1
1203,1204,1,race + age,2
1203,1204,2,gender,1
1204,1205,1,race + gender + age,3
1205,1206,1,race + age,2
1205,1206,2,gender,1
1206,1207,1,race + age,2
1206,1207,2,gender,1
1207,1208,1,race,1
1207,1208,2,gender,1
1207,1208,3,age,1
1208,1209,1,race,1
1208,1209,2,gender + age,2
1209,1210,1,race + gender,2
1209,1210,2,age,1
1210,1211,1,race + age,2
1210,1211,2,gender,1
1211,1212,1,race + gender + age,3
1212,1213,1,race + age,2
1212,1213,2,gender,1
1213,1214,1,race,1
1213,1214,2,gender + age,2
1214,1215,1,race,1
1214,1215,2,gender + age,2
1215,1216,1,race + age,2
1215,1216,2,gender,1
1216,1217,1,race + age,2
1216,1217,2,gender,1
1217,1218,1,race + age,2
1217,1218,2,gender,1
1218,1219,1,race,1
1218,1219,2,gender + age,2
1219,1220,1,race + age,2
1219,1220,2,gender,1
1220,1221,1,race,1
1220,1221,2,gender + age,2
1221,1222,1,race + age,2
1221,1222,2,gender,1
1222,1223,1,race + age,2
1222,1223,2,gender,1
1223,1224,1,race,1
1223,1224,2,gender,1
1223,1224,3,age,1
1224,1225,1,race,1
1224,1225,2,gender,1
1224,1225,3,age,1
1225,1226,1,race + age,2
1225,1226,2,gender,1
1226,1227,1,race,1
1226,1227,2,gender + age,2
1227,1228,1,race + age,2
1227,1228,2,gender,1
1228,1229,1,race,1
1228,1229,2,gender,1
1228,1229,3,age,1
1229,1230,1,race + age,2
1229,1230,2,gender,1
1230,1231,1,race,1
1230,1231,2,gender + age,2
1231,1232,1,race,1
1231,1232,2,gender,1
1231,1232,3,age,1
1232,1233,1,race + age,2
1232,1233,2,gender,1
1233,1234,1,race,1
1233,1234,2,gender,1
1233,1234,3,age,1
1234,1235,1,race + age,2
1234,1235,2,gender,1
1235,1236,1,race,1
1235,1236,2,gender + age,2
1236,1237,1,race + age,2
1236,1237,2,gender,1
1237,1238,1,race + age,2
1237,1238,2,gender,1
1238,1239,1,race,1
1238,1239,2,gender,1
1238,1239,3,age,1
1239,1240,1,race,1
1239,1240,2,gender + age,2
1240,1241,1,race + age,2
1240,1241,2,gender,1
1241,1242,1,race,1
1241,1242,2,gender,1
1241,1242,3,age,1
1242,1243,1,race + age,2
1242,1243,2,gender,1
1243,1244,1,race + age,2
1243,1244,2,gender,1
1244,1245,1,race + age,2
1244,1245,2,gender,1
1245,1246,1,race,1
1245,1246,2,gender,1
1245,1246,3,age,1
1246,1247,1,race + age,2
1246,1247,2,gender,1
1247,1248,1,race,1
1247,1248,2,gender,1
1247,1248,3,age,1
1248,1249,1,race + age,2
1248,1249,2,gender,1
1249,1250,1,race,1
1249,1250,2,gender,1
1249,1250,3,age,1
1250,1251,1,race + age,2
1250,1251,2,gender,1
1251,1252,1,race,1
1251,1252,2,gender + age,2
1252,1253,1,race + age,2
1252,1253,2,gender,1
1253,1254,1,race + age,2
1253,1254,2,gender,1
1254,1255,1,race,1
1254,1255,2,gender + age,2
1255,1256,1,race,1
1255,1256,2,gender,1
1255,1256,3,age,1
1256,1257,1,race + age,2
1256,1257,2,gender,1
1257,1258,1,race + age,2
1257,1258,2,gender,1
1258,1259,1,race + age,2
1258,1259,2,gender,1
1259,1260,1,race,1
1259,1260,2,gender + age,2
1260,1261,1,race + age,2
1260,1261,2,gender,1
1261,1262,1,race,1
1261,1262,2,gender + age,2
1262,1263,1,race + gender + age,3
1263,1264,1,race + age,2
1263,1264,2,gender,1
1264,1265,1,race,1
1264,1265,2,gender,1
1264,1265,3,age,1
1265,1266,1,race,1
1265,1266,2,gender + age,2
1266,1267,1,race + age,2
1266,1267,2,gender,1
1267,1268,1,race,1
1267,1268,2,gender + age,2
1268,1269,1,race + age,2
1268,1269,2,gender,1
1269,1270,1,race,1
1269,1270,2,gender + age,2
1270,1271,1,race + age,2
1270,1271,2,gender,1
1271,1272,1,race + age,2
1271,1272,2,gender,1
1272,1273,1,race + age,2
1272,1273,2,gender,1
1273,1274,1,race,1
1273,1274,2,gender + age,2
1274,1275,1,race,1
1274,1275,2,gender + age,2
1275,1276,1,race,1
1275,1276,2,gender + age,2
1276,1277,1,race,1
1276,1277,2,gender,1
1276,1277,3,age,1
1277,1278,1,race + age,2
1277,1278,2,gender,1
1278,1279,1,race,1
1278,1279,2,gender,1
1278,1279,3,age,1
1279,1280,1,race + age,2
1279,1280,2,gender,1
1280,1281,1,race + age,2
1280,1281,2,gender,1
1281,1282,1,race + age,2
1281,1282,2,gender,1
1282,1283,1,race,1
1282,1283,2,gender,1
1282,1283,3,age,1
1283,1284,1,race + age,2
1283,1284,2,gender,1
1284,1285,1,race + age,2
1284,1285,2,gender,1
1285,1286,1,race + gender,2
1285,1286,2,age,1
1286,1287,1,race + age,2
1286,1287,2,gender,1
1287,1288,1,race + age,2
1287,1288,2,gender,1
1288,1289,1,race,1
1288,1289,2,gender,1
1288,1289,3,age,1
1289,1290,1,race,1
1289,1290,2,gender + age,2
1290,1291,1,race,1
1290,1291,2,gender + age,2
1291,1292,1,race + age,2
1291,1292,2,gender,1
1292,1293,1,race,1
1292,1293,2,gender,1
1292,1293,3,age,1
1293,1294,1,race,1
1293,1294,2,gender + age,2
1294,1295,1,race + age,2
1294,1295,2,gender,1
1295,1296,1,race,1
1295,1296,2,gender,1
1295,1296,3,age,1
1296,1297,1,race + age,2
1296,1297,2,gender,1
1297,1298,1,race + age,2
1297,1298,2,gender,1
1298,1299,1,race + age,2
1298,1299,2,gender,1
1299,1300,1,race,1
1299,1300,2,gender,1
1299,1300,3,age,1
1300,1301,1,race,1
1300,1301,2,gender + age,2
1301,1302,1,race + age,2
1301,1302,2,gender,1
1302,1303,1,race + age,2
1302,1303,2,gender,1
1303,1304,1,race + age,2
1303,1304,2,gender,1
1304,1305,1,race + age,2
1304,1305,2,gender,1
1305,1306,1,race,1
1305,1306,2,gender + age,2
1306,1307,1,race + age,2
1306,1307,2,gender,1
1307,1308,1,race + gender + age,3
1308,1309,1,race + age,2
1308,1309,2,gender,1
1309,1310,1,race + age,2
1309,1310,2,gender,1
1310,1311,1,race + age,2
1310,1311,2,gender,1
1311,1312,1,race + age,2
1311,1312,2,gender,1
1312,1313,1,race + age,2
1312,1313,2,gender,1
1313,1314,1,race,1
1313,1314,2,gender,1
1313,1314,3,age,1
1314,1315,1,race + age,2
1314,1315,2,gender,1
1315,1316,1,race + age,2
1315,1316,2,gender,1
1316,1317,1,race + age,2
1316,1317,2,gender,1
1317,1318,1,race + age,2
1317,1318,2,gender,1
1318,1319,1,race + age,2
1318,1319,2,gender,1
1319,1320,1,race,1
1319,1320,2,gender + age,2
1320,1321,1,race,1
1320,1321,2,gender,1
1320,1321,3,age,1
1321,1322,1,race + age,2
1321,1322,2,gender,1
1322,1323,1,race,1
1322,1323,2,gender + age,2
1323,1324,1,race + age,2
1323,1324,2,gender,1
1324,1325,1,race + gender + age,3
1325,1326,1,race,1
1325,1326,2,gender + age,2
1326,1327,1,race,1
1326,1327,2,gender,1
1326,1327,3,age,1
1327,1328,1,race,1
1327,1328,2,gender + age,2
1328,1329,1,race,1
1328,1329,2,gender,1
1328,1329,3,age,1
1329,1330,1,race + age,2
1329,1330,2,gender,1
1330,1331,1,race,1
1330,1331,2,gender + age,2
1331,1332,1,race,1
1331,1332,2,gender,1
1331,1332,3,age,1
1332,1333,1,race + age,2
1332,1333,2,gender,1
1333,1334,1,race + age,2
1333,1334,2,gender,1
1334,1335,1,race,1
1334,1335,2,gender + age,2
1335,1336,1,race,1
1335,1336,2,gender,1
1335,1336,3,age,1
1336,1337,1,race + age,2
1336,1337,2,gender,1
1337,1338,1,race,1
1337,1338,2,gender,1
1337,1338,3,age,1
1338,1339,1,race + age,2
1338,1339,2,gender,1
1339,1340,1,race,1
1339,1340,2,gender,1
1339,1340,3,age,1
1340,1341,1,race + age,2
1340,1341,2,gender,1
1341,1342,1,race,1
1341,1342,2,gender,1
1341,1342,3,age,1
1342,1343,1,race + age,2
1342,1343,2,gender,1
1343,1344,1,race,1
1343,1344,2,gender + age,2
1344,1345,1,race + age,2
1344,1345,2,gender,1
1345,1346,1,race,1
1345,1346,2,gender + age,2
1346,1347,1,race + age,2
1346,1347,2,gender,1
1347,1348,1,race + age,2
1347,1348,2,gender,1
1348,1349,1,race + age,2
1348,1349,2,gender,1
1349,1350,1,race + age,2
1349,1350,2,gender,1
1350,1351,1,race + age,2
1350,1351,2,gender,1
1351,1352,1,race + age,2
1351,1352,2,gender,1
1352,1353,1,race + age,2
1352,1353,2,gender,1
1353,1354,1,race + gender + age,3
1354,1355,1,race + age,2
1354,1355,2,gender,1
1355,1356,1,race + age,2
1355,1356,2,gender,1
1356,1357,1,race,1
1356,1357,2,gender,1
1356,1357,3,age,1
1357,1358,1,race + age,2
1357,1358,2,gender,1
1358,1359,1,race + gender,2
1358,1359,2,age,1
1359,1360,1,race + age,2
1359,1360,2,gender,1
1360,1361,1,race + age,2
1360,1361,2,gender,1
1361,1362,1,race + age,2
1361,1362,2,gender,1
1362,1363,1,race + age,2
1362,1363,2,gender,1
1363,1364,1,race + age,2
1363,1364,2,gender,1
1364,1365,1,race,1
1364,1365,2,gender + age,2
1365,1366,1,race + age,2
1365,1366,2,gender,1
1366,1367,1,race,1
1366,1367,2,gender,1
1366,1367,3,age,1
1367,1368,1,race,1
1367,1368,2,gender + age,2
1368,1369,1,race + age,2
1368,1369,2,gender,1
1369,1370,1,race + age,2
1369,1370,2,gender,1
1370,1371,1,race + age,2
1370,1371,2,gender,1
1371,1372,1,race + age,2
1371,1372,2,gender,1
1372,1373,1,race,1
1372,1373,2,gender + age,2
1373,1374,1,race + age,2
1373,1374,2,gender,1
1374,1375,1,race,1
1374,1375,2,gender + age,2
1375,1376,1,race + age,2
1375,1376,2,gender,1
1376,1377,1,race + age,2
1376,1377,2,gender,1
1377,1378,1,race + age,2
1377,1378,2,gender,1
1378,1379,1,race,1
1378,1379,2,gender + age,2
1379,1380,1,race + age,2
1379,1380,2,gender,1
1380,1381,1,race + age,2
1380,1381,2,gender,1
1381,1382,1,race + age,2
1381,1382,2,gender,1
1382,1383,1,race,1
1382,1383,2,gender,1
1382,1383,3,age,1
1383,1384,1,race,1
1383,1384,2,gender,1
1383,1384,3,age,1
1384,1385,1,race + age,2
1384,1385,2,gender,1
1385,1386,1,race,1
1385,1386,2,gender,1
1385,1386,3,age,1
1386,1387,1,race + age,2
1386,1387,2,gender,1
1387,1388,1,race,1
1387,1388,2,gender,1
1387,1388,3,age,1
1388,1389,1,race + age,2
1388,1389,2,gender,1
1389,1390,1,race + age,2
1389,1390,2,gender,1
1390,1391,1,race + gender + age,3
1391,1392,1,race + age,2
1391,1392,2,gender,1
1392,1393,1,race,1
1392,1393,2,gender,1
1392,1393,3,age,1
1393,1394,1,race,1
1393,1394,2,gender + age,2
1394,1395,1,race + age,2
1394,1395,2,gender,1
1395,1396,1,race + age,2
1395,1396,2,gender,1
1396,1397,1,race + age,2
1396,1397,2,gender,1
1397,1398,1,race,1
1397,1398,2,gender,1
1397,1398,3,age,1
1398,1399,1,race,1
1398,1399,2,gender,1
1398,1399,3,age,1
1399,1400,1,race + age,2
1399,1400,2,gender,1
1400,1401,1,race + age,2
1400,1401,2,gender,1
1401,1402,1,race,1
1401,1402,2,gender + age,2
1402,1403,1,race,1
1402,1403,2,gender + age,2
1403,1404,1,race + age,2
1403,1404,2,gender,1
1404,1405,1,race + age,2
1404,1405,2,gender,1
1405,1406,1,race + age,2
1405,1406,2,gender,1
1406,1407,1,race,1
1406,1407,2,gender + age,2
1407,1408,1,race,1
1407,1408,2,gender + age,2
1408,1409,1,race,1
1408,1409,2,gender + age,2
1409,1410,1,race + age,2
1409,1410,2,gender,1
1410,1411,1,race + age,2
1410,1411,2,gender,1
1411,1412,1,race,1
1411,1412,2,gender + age,2
1412,1413,1,race,1
1412,1413,2,gender + age,2
1413,1414,1,race + age,2
1413,1414,2,gender,1
1414,1415,1,race + age,2
1414,1415,2,gender,1
1415,1416,1,race + age,2
1415,1416,2,gender,1
1416,1417,1,race,1
1416,1417,2,gender + age,2
1417,1418,1,race + age,2
1417,1418,2,gender,1
1418,1419,1,race + age,2
1418,1419,2,gender,1
1419,1420,1,race,1
1419,1420,2,gender + age,2
1420,1421,1,race + age,2
1420,1421,2,gender,1
1421,1422,1,race + age,2
1421,1422,2,gender,1
1422,1423,1,race + age,2
1422,1423,2,gender,1
1423,1424,1,race + age,2
1423,1424,2,gender,1
1424,1425,1,race,1
1424,1425,2,gender,1
1424,1425,3,age,1
1425,1426,1,race + age,2
1425,1426,2,gender,1
1426,1427,1,race,1
1426,1427,2,gender,1
1426,1427,3,age,1
1427,1428,1,race + age,2
1427,1428,2,gender,1
1428,1429,1,race,1
1428,1429,2,gender,1
1428,1429,3,age,1
1429,1430,1,race + age,2
1429,1430,2,gender,1
1430,1431,1,race,1
1430,1431,2,gender,1
1430,1431,3,age,1
1431,1432,1,race + age,2
1431,1432,2,gender,1
1432,1433,1,race + age,2
1432,1433,2,gender,1
1433,1434,1,race + age,2
1433,1434,2,gender,1
1434,1435,1,race,1
1434,1435,2,gender,1
1434,1435,3,age,1
1435,1436,1,race + age,2
1435,1436,2,gender,1
1436,1437,1,race + age,2
1436,1437,2,gender,1
1437,1438,1,race + age,2
1437,1438,2,gender,1
1438,1439,1,race,1
1438,1439,2,gender + age,2
1439,1440,1,race + age,2
1439,1440,2,gender,1
1440,1441,1,race + gender,2
1440,1441,2,age,1
1441,1442,1,race,1
1441,1442,2,gender + age,2
1442,1443,1,race,1
1442,1443,2,gender + age,2
1443,1444,1,race + age,2
1443,1444,2,gender,1
1444,1445,1,race + age,2
1444,1445,2,gender,1
1445,1446,1,race,1
1445,1446,2,gender,1
1445,1446,3,age,1
1446,1447,1,race + age,2
1446,1447,2,gender,1
1447,1448,1,race + age,2
1447,1448,2,gender,1
1448,1449,1,race,1
1448,1449,2,gender,1
1448,1449,3,age,1
1449,1450,1,race + age,2
1449,1450,2,gender,1
1450,1451,1,race + age,2
1450,1451,2,gender,1
1451,1452,1,race + age,2
1451,1452,2,gender,1
1452,1453,1,race,1
1452,1453,2,gender,1
1452,1453,3,age,1
1453,1454,1,race,1
1453,1454,2,gender + age,2
1454,1455,1,race + age,2
1454,1455,2,gender,1
1455,1456,1,race,1
1455,1456,2,gender,1
1455,1456,3,age,1
1456,1457,1,race,1
1456,1457,2,gender,1
1456,1457,3,age,1
1457,1458,1,race,1
1457,1458,2,gender + age,2
1458,1459,1,race + age,2
1458,1459,2,gender,1
1459,1460,1,race + age,2
1459,1460,2,gender,1
1460,1461,1,race,1
1460,1461,2,gender,1
1460,1461,3,age,1
1461,1462,1,race + age,2
1461,1462,2,gender,1
1462,1463,1,race,1
1462,1463,2,gender,1
1462,1463,3,age,1
1463,1464,1,race,1
1463,1464,2,gender,1
1463,1464,3,age,1
1464,1465,1,race,1
1464,1465,2,gender,1
1464,1465,3,age,1
1465,1466,1,race + age,2
1465,1466,2,gender,1
1466,1467,1,race,1
1466,1467,2,gender,1
1466,1467,3,age,1
1467,1468,1,race,1
1467,1468,2,gender,1
1467,1468,3,age,1
1468,1469,1,race + age,2
1468,1469,2,gender,1
1469,1470,1,race,1
1469,1470,2,gender + age,2
1470,1471,1,race,1
1470,1471,2,gender,1
1470,1471,3,age,1
1471,1472,1,race,1
1471,1472,2,gender,1
1471,1472,3,age,1
1472,1473,1,race + age,2
1472,1473,2,gender,1
1473,1474,1,race + age,2
1473,1474,2,gender,1
1474,1475,1,race + age,2
1474,1475,2,gender,1
1475,1476,1,race + age,2
1475,1476,2,gender,1
1476,1477,1,race + age,2
1476,1477,2,gender,1
1477,1478,1,race,1
1477,1478,2,gender + age,2
1478,1479,1,race + age,2
1478,1479,2,gender,1
1479,1480,1,race,1
1479,1480,2,gender,1
1479,1480,3,age,1
1480,1481,1,race + age,2
1480,1481,2,gender,1
1481,1482,1,race,1
1481,1482,2,gender,1
1481,1482,3,age,1
1482,1483,1,race + age,2
1482,1483,2,gender,1
1483,1484,1,race + age,2
1483,1484,2,gender,1
1484,1485,1,race + age,2
1484,1485,2,gender,1
1485,1486,1,race,1
1485,1486,2,gender,1
1485,1486,3,age,1
1486,1487,1,race + age,2
1486,1487,2,gender,1
1487,1488,1,race,1
1487,1488,2,gender,1
1487,1488,3,age,1
1488,1489,1,race + age,2
1488,1489,2,gender,1
1489,1490,1,race,1
1489,1490,2,gender + age,2
1490,1491,1,race,1
1490,1491,2,gender,1
1490,1491,3,age,1
1491,1492,1,race + age,2
1491,1492,2,gender,1
1492,1493,1,race + age,2
1492,1493,2,gender,1
1493,1494,1,race,1
1493,1494,2,gender,1
1493,1494,3,age,1
1494,1495,1,race + age,2
1494,1495,2,gender,1
1495,1496,1,race,1
1495,1496,2,gender + age,2
1496,1497,1,race,1
1496,1497,2,gender + age,2
1497,1498,1,race,1
1497,1498,2,gender,1
1497,1498,3,age,1
1498,1499,1,race,1
1498,1499,2,gender + age,2
1499,1500,1,race + age,2
1499,1500,2,gender,1
1500,1501,1,race + age,2
1500,1501,2,gender,1
1501,1502,1,race + age,2
1501,1502,2,gender,1
1502,1503,1,race,1
1502,1503,2,gender + age,2
1503,1504,1,race + age,2
1503,1504,2,gender,1
1504,1505,1,race,1
1504,1505,2,gender + age,2
1505,1506,1,race + age,2
1505,1506,2,gender,1
1506,1507,1,race,1
1506,1507,2,gender,1
1506,1507,3,age,1
1507,1508,1,race,1
1507,1508,2,gender + age,2
1508,1509,1,race + age,2
1508,1509,2,gender,1
1509,1510,1,race + age,2
1509,1510,2,gender,1
1510,1511,1,race + age,2
1510,1511,2,gender,1
1511,1512,1,race,1
1511,1512,2,gender,1
1511,1512,3,age,1
1512,1513,1,race,1
1512,1513,2,gender,1
1512,1513,3,age,1
1513,1514,1,race + age,2
1513,1514,2,gender,1
1514,1515,1,race + age,2
1514,1515,2,gender,1
1515,1516,1,race,1
1515,1516,2,gender + age,2
1516,1517,1,race + age,2
1516,1517,2,gender,1
1517,1518,1,race + age,2
1517,1518,2,gender,1
1518,1519,1,race,1
1518,1519,2,gender,1
1518,1519,3,age,1
1519,1520,1,race,1
1519,1520,2,gender + age,2
1520,1521,1,race,1
1520,1521,2,gender + age,2
1521,1522,1,race + age,2
1521,1522,2,gender,1
1522,1523,1,race,1
1522,1523,2,gender + age,2
1523,1524,1,race + age,2
1523,1524,2,gender,1
1524,1525,1,race + age,2
1524,1525,2,gender,1
1525,1526,1,race + age,2
1525,1526,2,gender,1
1526,1527,1,race,1
1526,1527,2,gender,1
1526,1527,3,age,1
1527,1528,1,race + age,2
1527,1528,2,gender,1
1528,1529,1,race + age,2
1528,1529,2,gender,1
1529,1530,1,race + age,2
1529,1530,2,gender,1
1530,1531,1,race + age,2
1530,1531,2,gender,1
1531,1532,1,race + age,2
1531,1532,2,gender,1
1532,1533,1,race,1
1532,1533,2,gender + age,2
1533,1534,1,race + age,2
1533,1534,2,gender,1
1534,1535,1,race + age,2
1534,1535,2,gender,1
1535,1536,1,race + age,2
1535,1536,2,gender,1
1536,1537,1,race + age,2
1536,1537,2,gender,1
1537,1538,1,race + age,2
1537,1538,2,gender,1
1538,1539,1,race,1
1538,1539,2,gender,1
1538,1539,3,age,1
1539,1540,1,race + age,2
1539,1540,2,gender,1
1540,1541,1,race + age,2
1540,1541,2,gender,1
1541,1542,1,race,1
1541,1542,2,gender,1
1541,1542,3,age,1
1542,1543,1,race,1
1542,1543,2,gender + age,2
1543,1544,1,race,1
1543,1544,2,gender,1
1543,1544,3,age,1
1544,1545,1,race + age,2
1544,1545,2,gender,1
1545,1546,1,race,1
1545,1546,2,gender,1
1545,1546,3,age,1
1546,1547,1,race,1
1546,1547,2,gender + age,2
1547,1548,1,race + age,2
1547,1548,2,gender,1
1548,1549,1,race,1
1548,1549,2,gender,1
1548,1549,3,age,1
1549,1550,1,race + age,2
1549,1550,2,gender,1
1550,1551,1,race,1
1550,1551,2,gender + age,2
1551,1552,1,race,1
1551,1552,2,gender,1
1551,1552,3,age,1
1552,1553,1,race,1
1552,1553,2,gender + age,2
1553,1554,1,race + age,2
1553,1554,2,gender,1
1554,1555,1,race + age,2
1554,1555,2,gender,1
1555,1556,1,race,1
1555,1556,2,gender,1
1555,1556,3,age,1
1556,1557,1,race + age,2
1556,1557,2,gender,1
1557,1558,1,race,1
1557,1558,2,gender + age,2
1558,1559,1,race,1
1558,1559,2,gender,1
1558,1559,3,age,1
1559,1560,1,race + age,2
1559,1560,2,gender,1
1560,1561,1,race,1
1560,1561,2,gender + age,2
1561,1562,1,race + age,2
1561,1562,2,gender,1
1562,1563,1,race,1
1562,1563,2,gender,1
1562,1563,3,age,1
1563,1564,1,race,1
1563,1564,2,gender + age,2
1564,1565,1,race,1
1564,1565,2,gender + age,2
1565,1566,1,race + age,2
1565,1566,2,gender,1
1566,1567,1,race + age,2
1566,1567,2,gender,1
1567,1568,1,race,1
1567,1568,2,gender,1
1567,1568,3,age,1
1568,1569,1,race + age,2
1568,1569,2,gender,1
1569,1570,1,race,1
1569,1570,2,gender + age,2
1570,1571,1,race + age,2
1570,1571,2,gender,1
1571,1572,1,race + age,2
1571,1572,2,gender,1
1572,1573,1,race + age,2
1572,1573,2,gender,1
1573,1574,1,race,1
1573,1574,2,gender,1
1573,1574,3,age,1
1574,1575,1,race + age,2
1574,1575,2,gender,1
1575,1576,1,race,1
1575,1576,2,gender,1
1575,1576,3,age,1
1576,1577,1,race + age,2
1576,1577,2,gender,1
1577,1578,1,race,1
1577,1578,2,gender,1
1577,1578,3,age,1
1578,1579,1,race,1
1578,1579,2,gender,1
1578,1579,3,age,1
1579,1580,1,race + age,2
1579,1580,2,gender,1
1580,1581,1,race + gender,2
1580,1581,2,age,1
1581,1582,1,race + age,2
1581,1582,2,gender,1
1582,1583,1,race,1
1582,1583,2,gender + age,2
1583,1584,1,race + age,2
1583,1584,2,gender,1
1584,1585,1,race + age,2
1584,1585,2,gender,1
1585,1586,1,race + age,2
1585,1586,2,gender,1
1586,1587,1,race + age,2
1586,1587,2,gender,1
1587,1588,1,race + age,2
1587,1588,2,gender,1
1588,1589,1,race,1
1588,1589,2,gender + age,2
1589,1590,1,race + age,2
1589,1590,2,gender,1
1590,1591,1,race + age,2
1590,1591,2,gender,1
1591,1592,1,race,1
1591,1592,2,gender,1
1591,1592,3,age,1
1592,1593,1,race,1
1592,1593,2,gender + age,2
1593,1594,1,race + age,2
1593,1594,2,gender,1
1594,1595,1,race,1
1594,1595,2,gender,1
1594,1595,3,age,1
1595,1596,1,race + age,2
1595,1596,2,gender,1
1596,1597,1,race,1
1596,1597,2,gender,1
1596,1597,3,age,1
1597,1598,1,race,1
1597,1598,2,gender + age,2
1598,1599,1,race,1
1598,1599,2,gender,1
1598,1599,3,age,1
1599,1600,1,race + age,2
1599,1600,2,gender,1
1600,1601,1,race,1
1600,1601,2,gender + age,2
1601,1602,1,race,1
1601,1602,2,gender + age,2
1602,1603,1,race + age,2
1602,1603,2,gender,1
1603,1604,1,race + age,2
1603,1604,2,gender,1
1604,1605,1,race,1
1604,1605,2,gender,1
1604,1605,3,age,1
1605,1606,1,race + age,2
1605,1606,2,gender,1
1606,1607,1,race + age,2
1606,1607,2,gender,1
1607,1608,1,race + age,2
1607,1608,2,gender,1
1608,1609,1,race,1
1608,1609,2,gender,1
1608,1609,3,age,1
1609,1610,1,race,1
1609,1610,2,gender + age,2
1610,1611,1,race + age,2
1610,1611,2,gender,1
1611,1612,1,race + age,2
1611,1612,2,gender,1
1612,1613,1,race + age,2
1612,1613,2,gender,1
1613,1614,1,race + age,2
1613,1614,2,gender,1
1614,1615,1,race + age,2
1614,1615,2,gender,1
1615,1616,1,race + age,2
1615,1616,2,gender,1
1616,1617,1,race,1
1616,1617,2,gender,1
1616,1617,3,age,1
1617,1618,1,race + age,2
1617,1618,2,gender,1
1618,1619,1,race + age,2
1618,1619,2,gender,1
1619,1620,1,race + age,2
1619,1620,2,gender,1
1620,1621,1,race + age,2
1620,1621,2,gender,1
1621,1622,1,race,1
1621,1622,2,gender + age,2
1622,1623,1,race,1
1622,1623,2,gender,1
1622,1623,3,age,1
1623,1624,1,race,1
1623,1624,2,gender + age,2
1624,1625,1,race + age,2
1624,1625,2,gender,1
1625,1626,1,race + age,2
1625,1626,2,gender,1
1626,1627,1,race,1
1626,1627,2,gender,1
1626,1627,3,age,1
1627,1628,1,race + age,2
1627,1628,2,gender,1
1628,1629,1,race + age,2
1628,1629,2,gender,1
1629,1630,1,race + age,2
1629,1630,2,gender,1
1630,1631,1,race,1
1630,1631,2,gender + age,2
1631,1632,1,race,1
1631,1632,2,gender + age,2
1632,1633,1,race + age,2
1632,1633,2,gender,1
1633,1634,1,race + age,2
1633,1634,2,gender,1
1634,1635,1,race,1
1634,1635,2,gender + age,2
1635,1636,1,race,1
1635,1636,2,gender + age,2
1636,1637,1,race + age,2
1636,1637,2,gender,1
1637,1638,1,race + age,2
1637,1638,2,gender,1
1638,1639,1,race,1
1638,1639,2,gender + age,2
1639,1640,1,race,1
1639,1640,2,gender + age,2
1640,1641,1,race,1
1640,1641,2,gender + age,2
1641,1642,1,race,1
1641,1642,2,gender,1
1641,1642,3,age,1
1642,1643,1,race,1
1642,1643,2,gender,1
1642,1643,3,age,1
1643,1644,1,race + age,2
1643,1644,2,gender,1
1644,1645,1,race,1
1644,1645,2,gender + age,2
1645,1646,1,race,1
1645,1646,2,gender,1
1645,1646,3,age,1
1646,1647,1,race + age,2
1646,1647,2,gender,1
1647,1648,1,race + age,2
1647,1648,2,gender,1
1648,1649,1,race + age,2
1648,1649,2,gender,1
1649,1650,1,race + age,2
1649,1650,2,gender,1
1650,1651,1,race + age,2
1650,1651,2,gender,1
1651,1652,1,race + age,2
1651,1652,2,gender,1
1652,1653,1,race,1
1652,1653,2,gender,1
1652,1653,3,age,1
1653,1654,1,race,1
1653,1654,2,gender,1
1653,1654,3,age,1
1654,1655,1,race + age,2
1654,1655,2,gender,1
1655,1656,1,race,1
1655,1656,2,gender + age,2
1656,1657,1,race + gender + age,3
1657,1658,1,race,1
1657,1658,2,gender + age,2
1658,1659,1,race,1
1658,1659,2,gender,1
1658,1659,3,age,1
1659,1660,1,race,1
1659,1660,2,gender,1
1659,1660,3,age,1
1660,1661,1,race + age,2
1660,1661,2,gender,1
1661,1662,1,race,1
1661,1662,2,gender,1
1661,1662,3,age,1
1662,1663,1,race + age,2
1662,1663,2,gender,1
1663,1664,1,race,1
1663,1664,2,gender + age,2
1664,1665,1,race + age,2
1664,1665,2,gender,1
1665,1666,1,race + age,2
1665,1666,2,gender,1
1666,1667,1,race + age,2
1666,1667,2,gender,1
1667,1668,1,race + age,2
1667,1668,2,gender,1
1668,1669,1,race + age,2
1668,1669,2,gender,1
1669,1670,1,race,1
1669,1670,2,gender,1
1669,1670,3,age,1
1670,1671,1,race,1
1670,1671,2,gender + age,2
1671,1672,1,race + age,2
1671,1672,2,gender,1
1672,1673,1,race,1
1672,1673,2,gender + age,2
1673,1674,1,race + age,2
1673,1674,2,gender,1
1674,1675,1,race + age,2
1674,1675,2,gender,1
1675,1676,1,race + age,2
1675,1676,2,gender,1
1676,1677,1,race + age,2
1676,1677,2,gender,1
1677,1678,1,race + age,2
1677,1678,2,gender,1
1678,1679,1,race + age,2
1678,1679,2,gender,1
1679,1680,1,race + age,2
1679,1680,2,gender,1
1680,1681,1,race + age,2
1680,1681,2,gender,1
1681,1682,1,race + age,2
1681,1682,2,gender,1
1682,1683,1,race,1
1682,1683,2,gender,1
1682,1683,3,age,1
1683,1684,1,race + age,2
1683,1684,2,gender,1
1684,1685,1,race + age,2
1684,1685,2,gender,1
1685,1686,1,race + age,2
1685,1686,2,gender,1
1686,1687,1,race + age,2
1686,1687,2,gender,1
1687,1688,1,race,1
1687,1688,2,gender,1
1687,1688,3,age,1
1688,1689,1,race,1
1688,1689,2,gender,1
1688,1689,3,age,1
1689,1690,1,race + gender + age,3
1690,1691,1,race + age,2
1690,1691,2,gender,1
1691,1692,1,race + age,2
1691,1692,2,gender,1
1692,1693,1,race + age,2
1692,1693,2,gender,1
1693,1694,1,race + age,2
1693,1694,2,gender,1
1694,1695,1,race,1
1694,1695,2,gender,1
1694,1695,3,age,1
1695,1696,1,race,1
1695,1696,2,gender + age,2
1696,1697,1,race,1
1696,1697,2,gender,1
1696,1697,3,age,1
1697,1698,1,race,1
1697,1698,2,gender + age,2
1698,1699,1,race,1
1698,1699,2,gender,1
1698,1699,3,age,1
1699,1700,1,race + age,2
1699,1700,2,gender,1
1700,1701,1,race + age,2
1700,1701,2,gender,1
1701,1702,1,race + age,2
1701,1702,2,gender,1
1702,1703,1,race + age,2
1702,1703,2,gender,1
1703,1704,1,race,1
1703,1704,2,gender + age,2
1704,1705,1,race,1
1704,1705,2,gender + age,2
1705,1706,1,race + age,2
1705,1706,2,gender,1
1706,1707,1,race,1
1706,1707,2,gender,1
1706,1707,3,age,1
1707,1708,1,race + age,2
1707,1708,2,gender,1
1708,1709,1,race,1
1708,1709,2,gender,1
1708,1709,3,age,1
1709,1710,1,race + age,2
1709,1710,2,gender,1
1710,1711,1,race + age,2
1710,1711,2,gender,1
1711,1712,1,race,1
1711,1712,2,gender + age,2
1712,1713,1,race,1
1712,1713,2,gender,1
1712,1713,3,age,1
1713,1714,1,race + age,2
1713,1714,2,gender,1
1714,1715,1,race + age,2
1714,1715,2,gender,1
1715,1716,1,race,1
1715,1716,2,gender + age,2
1716,1717,1,race,1
1716,1717,2,gender,1
1716,1717,3,age,1
1717,1718,1,race + gender,2
1717,1718,2,age,1
1718,1719,1,race + age,2
1718,1719,2,gender,1
1719,1720,1,race + age,2
1719,1720,2,gender,1
1720,1721,1,race,1
1720,1721,2,gender + age,2
1721,1722,1,race + age,2
1721,1722,2,gender,1
1722,1723,1,race + age,2
1722,1723,2,gender,1
1723,1724,1,race + age,2
1723,1724,2,gender,1
1724,1725,1,race + age,2
1724,1725,2,gender,1
1725,1726,1,race + age,2
1725,1726,2,gender,1
1726,1727,1,race + age,2
1726,1727,2,gender,1
1727,1728,1,race + age,2
1727,1728,2,gender,1
1728,1729,1,race,1
1728,1729,2,gender + age,2
1729,1730,1,race,1
1729,1730,2,gender + age,2
1730,1731,1,race + gender + age,3
1731,1732,1,race,1
1731,1732,2,gender,1
1731,1732,3,age,1
1732,1733,1,race + age,2
1732,1733,2,gender,1
1733,1734,1,race + age,2
1733,1734,2,gender,1
1734,1735,1,race + age,2
1734,1735,2,gender,1
1735,1736,1,race,1
1735,1736,2,gender,1
1735,1736,3,age,1
1736,1737,1,race,1
1736,1737,2,gender,1
1736,1737,3,age,1
1737,1738,1,race + age,2
1737,1738,2,gender,1
1738,1739,1,race,1
1738,1739,2,gender + age,2
1739,1740,1,race,1
1739,1740,2,gender,1
1739,1740,3,age,1
1740,1741,1,race + age,2
1740,1741,2,gender,1
1741,1742,1,race + age,2
1741,1742,2,gender,1
1742,1743,1,race,1
1742,1743,2,gender + age,2
1743,1744,1,race,1
1743,1744,2,gender,1
1743,1744,3,age,1
1744,1745,1,race + age,2
1744,1745,2,gender,1
1745,1746,1,race + age,2
1745,1746,2,gender,1
1746,1747,1,race + age,2
1746,1747,2,gender,1
1747,1748,1,race + age,2
1747,1748,2,gender,1
1748,1749,1,race + age,2
1748,1749,2,gender,1
1749,1750,1,race,1
1749,1750,2,gender + age,2
1750,1751,1,race + age,2
1750,1751,2,gender,1
1751,1752,1,race + age,2
1751,1752,2,gender,1
1752,1753,1,race,1
1752,1753,2,gender,1
1752,1753,3,age,1
1753,1754,1,race + age,2
1753,1754,2,gender,1
1754,1755,1,race + age,2
1754,1755,2,gender,1
1755,1756,1,race + age,2
1755,1756,2,gender,1
1756,1757,1,race + age,2
1756,1757,2,gender,1
1757,1758,1,race,1
1757,1758,2,gender + age,2
1758,1759,1,race,1
1758,1759,2,gender,1
1758,1759,3,age,1
1759,1760,1,race + age,2
1759,1760,2,gender,1
1760,1761,1,race + age,2
1760,1761,2,gender,1
1761,1762,1,race,1
1761,1762,2,gender,1
1761,1762,3,age,1
1762,1763,1,race + age,2
1762,1763,2,gender,1
1763,1764,1,race,1
1763,1764,2,gender,1
1763,1764,3,age,1
1764,1765,1,race,1
1764,1765,2,gender,1
1764,1765,3,age,1
1765,1766,1,race,1
1765,1766,2,gender + age,2
1766,1767,1,race,1
1766,1767,2,gender + age,2
1767,1768,1,race + age,2
1767,1768,2,gender,1
1768,1769,1,race,1
1768,1769,2,gender,1
1768,1769,3,age,1
1769,1770,1,race,1
1769,1770,2,gender,1
1769,1770,3,age,1
1770,1771,1,race,1
1770,1771,2,gender,1
1770,1771,3,age,1
1771,1772,1,race + age,2
1771,1772,2,gender,1
1772,1773,1,race + age,2
1772,1773,2,gender,1
1773,1774,1,race + age,2
1773,1774,2,gender,1
1774,1775,1,race + age,2
1774,1775,2,gender,1
1775,1776,1,race + age,2
1775,1776,2,gender,1
1776,1777,1,race + age,2
1776,1777,2,gender,1
1777,1778,1,race,1
1777,1778,2,gender + age,2
1778,1779,1,race + age,2
1778,1779,2,gender,1
1779,1780,1,race + age,2
1779,1780,2,gender,1
1780,1781,1,race + age,2
1780,1781,2,gender,1
1781,1782,1,race,1
1781,1782,2,gender,1
1781,1782,3,age,1
1782,1783,1,race,1
1782,1783,2,gender + age,2
1783,1784,1,race,1
1783,1784,2,gender + age,2
1784,1785,1,race + age,2
1784,1785,2,gender,1
1785,1786,1,race + age,2
1785,1786,2,gender,1
1786,1787,1,race + age,2
1786,1787,2,gender,1
1787,1788,1,race,1
1787,1788,2,gender + age,2
1788,1789,1,race,1
1788,1789,2,gender,1
1788,1789,3,age,1
1789,1790,1,race + age,2
1789,1790,2,gender,1
1790,1791,1,race + age,2
1790,1791,2,gender,1
1791,1792,1,race,1
1791,1792,2,gender,1
1791,1792,3,age,1
1792,1793,1,race,1
1792,1793,2,gender + age,2
1793,1794,1,race,1
1793,1794,2,gender,1
1793,1794,3,age,1
1794,1795,1,race,1
1794,1795,2,gender + age,2
1795,1796,1,race,1
1795,1796,2,gender,1
1795,1796,3,age,1
1796,1797,1,race,1
1796,1797,2,gender + age,2
1797,1798,1,race,1
1797,1798,2,gender + age,2
1798,1799,1,race + age,2
1798,1799,2,gender,1
1799,1800,1,race,1
1799,1800,2,gender,1
1799,1800,3,age,1
1800,1801,1,race + age,2
1800,1801,2,gender,1
1801,1802,1,race,1
1801,1802,2,gender + age,2
1802,1803,1,race + age,2
1802,1803,2,gender,1
1803,1804,1,race + age,2
1803,1804,2,gender,1
1804,1805,1,race,1
1804,1805,2,gender,1
1804,1805,3,age,1
1805,1806,1,race,1
1805,1806,2,gender + age,2
1806,1807,1,race,1
1806,1807,2,gender + age,2
1807,1808,1,race + age,2
1807,1808,2,gender,1
1808,1809,1,race + age,2
1808,1809,2,gender,1
1809,1810,1,race,1
1809,1810,2,gender + age,2
1810,1811,1,race + age,2
1810,1811,2,gender,1
1811,1812,1,race + age,2
1811,1812,2,gender,1
1812,1813,1,race,1
1812,1813,2,gender + age,2
1813,1814,1,race,1
1813,1814,2,gender + age,2
1814,1815,1,race,1
1814,1815,2,gender + age,2
1815,1816,1,race + age,2
1815,1816,2,gender,1
1816,1817,1,race,1
1816,1817,2,gender,1
1816,1817,3,age,1
1817,1818,1,race,1
1817,1818,2,gender,1
1817,1818,3,age,1
1818,1819,1,race + age,2
1818,1819,2,gender,1
1819,1820,1,race,1
1819,1820,2,gender,1
1819,1820,3,age,1
1820,1821,1,race + gender + age,3
1821,1822,1,race,1
1821,1822,2,gender,1
1821,1822,3,age,1
1822,1823,1,race + age,2
1822,1823,2,gender,1
1823,1824,1,race + age,2
1823,1824,2,gender,1
1824,1825,1,race,1
1824,1825,2,gender + age,2
1825,1826,1,race + age,2
1825,1826,2,gender,1
1826,1827,1,race,1
1826,1827,2,gender + age,2
1827,1828,1,race + age,2
1827,1828,2,gender,1
1828,1829,1,race + age,2
1828,1829,2,gender,1
1829,1830,1,race,1
1829,1830,2,gender,1
1829,1830,3,age,1
1830,1831,1,race + gender + age,3
1831,1832,1,race + age,2
1831,1832,2,gender,1
1832,1833,1,race + age,2
1832,1833,2,gender,1
1833,1834,1,race,1
1833,1834,2,gender + age,2
1834,1835,1,race + age,2
1834,1835,2,gender,1
1835,1836,1,race,1
1835,1836,2,gender,1
1835,1836,3,age,1
1836,1837,1,race,1
1836,1837,2,gender + age,2
1837,1838,1,race + age,2
1837,1838,2,gender,1
1838,1839,1,race,1
1838,1839,2,gender,1
1838,1839,3,age,1
1839,1840,1,race + age,2
1839,1840,2,gender,1
1840,1841,1,race,1
1840,1841,2,gender,1
1840,1841,3,age,1
1841,1842,1,race + age,2
1841,1842,2,gender,1
1842,1843,1,race + age,2
1842,1843,2,gender,1
1843,1844,1,race + age,2
1843,1844,2,gender,1
1844,1845,1,race + age,2
1844,1845,2,gender,1
1845,1846,1,race,1
1845,1846,2,gender,1
1845,1846,3,age,1
1846,1847,1,race + age,2
1846,1847,2,gender,1
1847,1848,1,race,1
1847,1848,2,gender,1
1847,1848,3,age,1
1848,1849,1,race,1
1848,1849,2,gender,1
1848,1849,3,age,1
1849,1850,1,race,1
1849,1850,2,gender + age,2
1850,1851,1,race + age,2
1850,1851,2,gender,1
1851,1852,1,race,1
1851,1852,2,gender + age,2
1852,1853,1,race + age,2
1852,1853,2,gender,1
1853,1854,1,race,1
1853,1854,2,gender,1
1853,1854,3,age,1
1854,1855,1,race + age,2
1854,1855,2,gender,1
1855,1856,1,race,1
1855,1856,2,gender,1
1855,1856,3,age,1
1856,1857,1,race,1
1856,1857,2,gender + age,2
1857,1858,1,race + age,2
1857,1858,2,gender,1
1858,1859,1,race + age,2
1858,1859,2,gender,1
1859,1860,1,race + age,2
1859,1860,2,gender,1
1860,1861,1,race + age,2
1860,1861,2,gender,1
1861,1862,1,race + age,2
1861,1862,2,gender,1
1862,1863,1,race + age,2
1862,1863,2,gender,1
1863,1864,1,race + age,2
1863,1864,2,gender,1
1864,1865,1,race + age,2
1864,1865,2,gender,1
1865,1866,1,race,1
1865,1866,2,gender + age,2
1866,1867,1,race + age,2
1866,1867,2,gender,1
1867,1868,1,race + age,2
1867,1868,2,gender,1
1868,1869,1,race + age,2
1868,1869,2,gender,1
1869,1870,1,race + age,2
1869,1870,2,gender,1
1870,1871,1,race,1
1870,1871,2,gender,1
1870,1871,3,age,1
1871,1872,1,race,1
1871,1872,2,gender,1
1871,1872,3,age,1
1872,1873,1,race + age,2
1872,1873,2,gender,1
1873,1874,1,race,1
1873,1874,2,gender + age,2
1874,1875,1,race + age,2
1874,1875,2,gender,1
1875,1876,1,race,1
1875,1876,2,gender,1
1875,1876,3,age,1
1876,1877,1,race,1
1876,1877,2,gender,1
1876,1877,3,age,1
1877,1878,1,race + gender + age,3
1878,1879,1,race,1
1878,1879,2,gender,1
1878,1879,3,age,1
1879,1880,1,race + age,2
1879,1880,2,gender,1
1880,1881,1,race,1
1880,1881,2,gender,1
1880,1881,3,age,1
1881,1882,1,race,1
1881,1882,2,gender,1
1881,1882,3,age,1
1882,1883,1,race + age,2
1882,1883,2,gender,1
1883,1884,1,race,1
1883,1884,2,gender + age,2
1884,1885,1,race + age,2
1884,1885,2,gender,1
1885,1886,1,race + age,2
1885,1886,2,gender,1
1886,1887,1,race + age,2
1886,1887,2,gender,1
1887,1888,1,race + age,2
1887,1888,2,gender,1
1888,1889,1,race,1
1888,1889,2,gender,1
1888,1889,3,age,1
1889,1890,1,race + age,2
1889,1890,2,gender,1
1890,1891,1,race,1
1890,1891,2,gender + age,2
1891,1892,1,race + age,2
1891,1892,2,gender,1
1892,1893,1,race,1
1892,1893,2,gender + age,2
1893,1894,1,race + age,2
1893,1894,2,gender,1
1894,1895,1,race,1
1894,1895,2,gender,1
1894,1895,3,age,1
1895,1896,1,race + age,2
1895,1896,2,gender,1
1896,1897,1,race + age,2
1896,1897,2,gender,1
1897,1898,1,race + age,2
1897,1898,2,gender,1
1898,1899,1,race + age,2
1898,1899,2,gender,1
1899,1900,1,race,1
1899,1900,2,gender,1
1899,1900,3,age,1
1900,1901,1,race,1
1900,1901,2,gender,1
1900,1901,3,age,1
1901,1902,1,race + gender + age,3
1902,1903,1,race + age,2
1902,1903,2,gender,1
1903,1904,1,race,1
1903,1904,2,gender,1
1903,1904,3,age,1
1904,1905,1,race,1
1904,1905,2,gender,1
1904,1905,3,age,1
1905,1906,1,race + age,2
1905,1906,2,gender,1
1906,1907,1,race + age,2
1906,1907,2,gender,1
1907,1908,1,race,1
1907,1908,2,gender + age,2
1908,1909,1,race,1
1908,1909,2,gender,1
1908,1909,3,age,1
1909,1910,1,race,1
1909,1910,2,gender,1
1909,1910,3,age,1
1910,1911,1,race + age,2
1910,1911,2,gender,1
1911,1912,1,race,1
1911,1912,2,gender + age,2
1912,1913,1,race,1
1912,1913,2,gender + age,2
1913,1914,1,race + age,2
1913,1914,2,gender,1
1914,1915,1,race + age,2
1914,1915,2,gender,1
1915,1916,1,race + age,2
1915,1916,2,gender,1
1916,1917,1,race + age,2
1916,1917,2,gender,1
1917,1918,1,race,1
1917,1918,2,gender + age,2
1918,1919,1,race,1
1918,1919,2,gender,1
1918,1919,3,age,1
1919,1920,1,race,1
1919,1920,2,gender,1
1919,1920,3,age,1
1920,1921,1,race + age,2
1920,1921,2,gender,1
1921,1922,1,race + age,2
1921,1922,2,gender,1
1922,1923,1,race,1
1922,1923,2,gender,1
1922,1923,3,age,1
1923,1924,1,race + age,2
1923,1924,2,gender,1
1924,1925,1,race + age,2
1924,1925,2,gender,1
1925,1926,1,race,1
1925,1926,2,gender,1
1925,1926,3,age,1
1926,1927,1,race + age,2
1926,1927,2,gender,1
1927,1928,1,race,1
1927,1928,2,gender,1
1927,1928,3,age,1
1928,1929,1,race,1
1928,1929,2,gender,1
1928,1929,3,age,1
1929,1930,1,race + age,2
1929,1930,2,gender,1
1930,1931,1,race + age,2
1930,1931,2,gender,1
1931,1932,1,race + age,2
1931,1932,2,gender,1
1932,1933,1,race,1
1932,1933,2,gender + age,2
1933,1934,1,race + age,2
1933,1934,2,gender,1
1934,1935,1,race,1
1934,1935,2,gender + age,2
1935,1936,1,race + age,2
1935,1936,2,gender,1
1936,1937,1,race + gender + age,3
1937,1938,1,race,1
1937,1938,2,gender,1
1937,1938,3,age,1
1938,1939,1,race,1
1938,1939,2,gender + age,2
1939,1940,1,race,1
1939,1940,2,gender,1
1939,1940,3,age,1
1940,1941,1,race + gender + age,3
1941,1942,1,race + age,2
1941,1942,2,gender,1
1942,1943,1,race + age,2
1942,1943,2,gender,1
1943,1944,1,race + gender + age,3
1944,1945,1,race + gender,2
1944,1945,2,age,1
1945,1946,1,race + age,2
1945,1946,2,gender,1
1946,1947,1,race + gender + age,3
1947,1948,1,race,1
1947,1948,2,gender,1
1947,1948,3,age,1
1948,1949,1,race,1
1948,1949,2,gender + age,2
1949,1950,1,race,1
1949,1950,2,gender + age,2
1950,1951,1,race,1
1950,1951,2,gender + age,2
1951,1952,1,race + age,2
1951,1952,2,gender,1
1952,1953,1,race,1
1952,1953,2,gender,1
1952,1953,3,age,1
1953,1954,1,race + age,2
1953,1954,2,gender,1
1954,1955,1,race,1
1954,1955,2,gender,1
1954,1955,3,age,1
1955,1956,1,race + age,2
1955,1956,2,gender,1
1956,1957,1,race + age,2
1956,1957,2,gender,1
1957,1958,1,race + age,2
1957,1958,2,gender,1
1958,1959,1,race,1
1958,1959,2,gender,1
1958,1959,3,age,1
1959,1960,1,race,1
1959,1960,2,gender,1
1959,1960,3,age,1
1960,1961,1,race + age,2
1960,1961,2,gender,1
1961,1962,1,race + age,2
1961,1962,2,gender,1
1962,1963,1,race,1
1962,1963,2,gender,1
1962,1963,3,age,1
1963,1964,1,race + age,2
1963,1964,2,gender,1
1964,1965,1,race + age,2
1964,1965,2,gender,1
1965,1966,1,race,1
1965,1966,2,gender,1
1965,1966,3,age,1
1966,1967,1,race + age,2
1966,1967,2,gender,1
1967,1968,1,race,1
1967,1968,2,gender + age,2
1968,1969,1,race + age,2
1968,1969,2,gender,1
1969,1970,1,race + age,2
1969,1970,2,gender,1
1970,1971,1,race + age,2
1970,1971,2,gender,1
1971,1972,1,race + age,2
1971,1972,2,gender,1
1972,1973,1,race,1
1972,1973,2,gender,1
1972,1973,3,age,1
1973,1974,1,race,1
1973,1974,2,gender + age,2
1974,1975,1,race + age,2
1974,1975,2,gender,1
1975,1976,1,race + gender,2
1975,1976,2,age,1
1976,1977,1,race + age,2
1976,1977,2,gender,1
1977,1978,1,race + age,2
1977,1978,2,gender,1
1978,1979,1,race,1
1978,1979,2,gender + age,2
1979,1980,1,race,1
1979,1980,2,gender + age,2
1980,1981,1,race,1
1980,1981,2,gender,1
1980,1981,3,age,1
1981,1982,1,race,1
1981,1982,2,gender,1
1981,1982,3,age,1
1982,1983,1,race,1
1982,1983,2,gender + age,2
1983,1984,1,race + age,2
1983,1984,2,gender,1
1984,1985,1,race,1
1984,1985,2,gender + age,2
1985,1986,1,race + gender + age,3
1986,1987,1,race,1
1986,1987,2,gender,1
1986,1987,3,age,1
1987,1988,1,race + age,2
1987,1988,2,gender,1
1988,1989,1,race,1
1988,1989,2,gender + age,2
1989,1990,1,race,1
1989,1990,2,gender + age,2
1990,1991,1,race,1
1990,1991,2,gender,1
1990,1991,3,age,1
1991,1992,1,race + age,2
1991,1992,2,gender,1
1992,1993,1,race,1
1992,1993,2,gender + age,2
1993,1994,1,race + gender + age,3
1994,1995,1,race,1
1994,1995,2,gender + age,2
1995,1996,1,race,1
1995,1996,2,gender,1
1995,1996,3,age,1
1996,1997,1,race + age,2
1996,1997,2,gender,1
1997,1998,1,race + age,2
1997,1998,2,gender,1
1998,1999,1,race + age,2
1998,1999,2,gender,1
1999,2000,1,race + age,2
1999,2000,2,gender,1
2000,2001,1,race + age,2
2000,2001,2,gender,1
2001,2002,1,race + age,2
2001,2002,2,gender,1
2002,2003,1,race + age,2
2002,2003,2,gender,1
2003,2004,1,race + age,2
2003,2004,2,gender,1
2004,2005,1,race + age,2
2004,2005,2,gender,1
2005,2006,1,race + age,2
2005,2006,2,gender,1
2006,2007,1,race + gender,2
2006,2007,2,age,1
2007,2008,1,race + gender,2
2007,2008,2,age,1
2008,2009,1,race + age,2
2008,2009,2,gender,1
2009,2010,1,race + age,2
2009,2010,2,gender,1
2010,2011,1,race + age,2
2010,2011,2,gender,1
2011,2012,1,race + age,2
2011,2012,2,gender,1
2012,2013,1,race + age,2
2012,2013,2,gender,1
2013,2014,1,race + age,2
2013,2014,2,gender,1
2014,2015,1,race,1
2014,2015,2,gender,1
2014,2015,3,age,1
2015,2016,1,race,1
2015,2016,2,gender + age,2
2016,2017,1,race,1
2016,2017,2,gender,1
2016,2017,3,age,1
2017,2018,1,race + age,2
2017,2018,2,gender,1
2018,2019,1,race + age,2
2018,2019,2,gender,1
2019,2020,1,race,1
2019,2020,2,gender + age,2
2020,2021,1,race,1
2020,2021,2,gender + age,2
2021,2022,1,race + age,2
2021,2022,2,gender,1
2022,2023,1,race + age,2
2022,2023,2,gender,1
2023,2024,1,race + gender,2
2023,2024,2,age,1
2024,2025,1,race + age,2
2024,2025,2,gender,1
2025,2026,1,race,1
2025,2026,2,gender + age,2
2026,2027,1,race + gender + age,3
2027,2028,1,race + age,2
2027,2028,2,gender,1
2028,2029,1,race + age,2
2028,2029,2,gender,1
2029,2030,1,race + age,2
2029,2030,2,gender,1
2030,2031,1,race + age,2
2030,2031,2,gender,1
2031,2032,1,race,1
2031,2032,2,gender,1
2031,2032,3,age,1
2032,2033,1,race + age,2
2032,2033,2,gender,1
2033,2034,1,race + age,2
2033,2034,2,gender,1
2034,2035,1,race,1
2034,2035,2,gender,1
2034,2035,3,age,1
2035,2036,1,race + age,2
2035,2036,2,gender,1
2036,2037,1,race + age,2
2036,2037,2,gender,1
2037,2038,1,race + age,2
2037,2038,2,gender,1
2038,2039,1,race + age,2
2038,2039,2,gender,1
2039,2040,1,race,1
2039,2040,2,gender,1
2039,2040,3,age,1
2040,2041,1,race + age,2
2040,2041,2,gender,1
2041,2042,1,race + age,2
2041,2042,2,gender,1
2042,2043,1,race,1
2042,2043,2,gender + age,2
2043,2044,1,race,1
2043,2044,2,gender + age,2
2044,2045,1,race + age,2
2044,2045,2,gender,1
2045,2046,1,race + age,2
2045,2046,2,gender,1
2046,2047,1,race + age,2
2046,2047,2,gender,1
2047,2048,1,race,1
2047,2048,2,gender,1
2047,2048,3,age,1
2048,2049,1,race + age,2
2048,2049,2,gender,1
2049,2050,1,race + age,2
2049,2050,2,gender,1
2050,2051,1,race,1
2050,2051,2,gender + age,2
2051,2052,1,race + age,2
2051,2052,2,gender,1
2052,2053,1,race,1
2052,2053,2,gender + age,2
2053,2054,1,race + age,2
2053,2054,2,gender,1
2054,2055,1,race + age,2
2054,2055,2,gender,1
2055,2056,1,race + age,2
2055,2056,2,gender,1
2056,2057,1,race,1
2056,2057,2,gender,1
2056,2057,3,age,1
2057,2058,1,race + age,2
2057,2058,2,gender,1
2058,2059,1,race + gender + age,3
2059,2060,1,race,1
2059,2060,2,gender,1
2059,2060,3,age,1
2060,2061,1,race,1
2060,2061,2,gender,1
2060,2061,3,age,1
2061,2062,1,race + age,2
2061,2062,2,gender,1
2062,2063,1,race + age,2
2062,2063,2,gender,1
2063,2064,1,race + age,2
2063,2064,2,gender,1
2064,2065,1,race,1
2064,2065,2,gender + age,2
2065,2066,1,race + age,2
2065,2066,2,gender,1
2066,2067,1,race + age,2
2066,2067,2,gender,1
2067,2068,1,race + age,2
2067,2068,2,gender,1
2068,2069,1,race,1
2068,2069,2,gender,1
2068,2069,3,age,1
2069,2070,1,race + age,2
2069,2070,2,gender,1
2070,2071,1,race + age,2
2070,2071,2,gender,1
2071,2072,1,race + age,2
2071,2072,2,gender,1
2072,2073,1,race,1
2072,2073,2,gender,1
2072,2073,3,age,1
2073,2074,1,race + age,2
2073,2074,2,gender,1
2074,2075,1,race,1
2074,2075,2,gender,1
2074,2075,3,age,1
2075,2076,1,race,1
2075,2076,2,gender,1
2075,2076,3,age,1
2076,2077,1,race,1
2076,2077,2,gender,1
2076,2077,3,age,1
2077,2078,1,race,1
2077,2078,2,gender,1
2077,2078,3,age,1
2078,2079,1,race + age,2
2078,2079,2,gender,1
2079,2080,1,race + age,2
2079,2080,2,gender,1
2080,2081,1,race + age,2
2080,2081,2,gender,1
2081,2082,1,race,1
2081,2082,2,gender + age,2
2082,2083,1,race + age,2
2082,2083,2,gender,1
2083,2084,1,race + age,2
2083,2084,2,gender,1
2084,2085,1,race,1
2084,2085,2,gender + age,2
2085,2086,1,race,1
2085,2086,2,gender + age,2
2086,2087,1,race + age,2
2086,2087,2,gender,1
2087,2088,1,race + gender + age,3
2088,2089,1,race + age,2
2088,2089,2,gender,1
2089,2090,1,race + age,2
2089,2090,2,gender,1
2090,2091,1,race,1
2090,2091,2,gender,1
2090,2091,3,age,1
2091,2092,1,race + gender,2
2091,2092,2,age,1
2092,2093,1,race,1
2092,2093,2,gender,1
2092,2093,3,age,1
2093,2094,1,race + age,2
2093,2094,2,gender,1
2094,2095,1,race + age,2
2094,2095,2,gender,1
2095,2096,1,race,1
2095,2096,2,gender + age,2
2096,2097,1,race,1
2096,2097,2,gender + age,2
2097,2098,1,race + age,2
2097,2098,2,gender,1
2098,2099,1,race + age,2
2098,2099,2,gender,1
2099,2100,1,race + age,2
2099,2100,2,gender,1
2100,2101,1,race + age,2
2100,2101,2,gender,1
2101,2102,1,race + age,2
2101,2102,2,gender,1
2102,2103,1,race,1
2102,2103,2,gender,1
2102,2103,3,age,1
2103,2104,1,race + age,2
2103,2104,2,gender,1
2104,2105,1,race + age,2
2104,2105,2,gender,1
2105,2106,1,race,1
2105,2106,2,gender,1
2105,2106,3,age,1
2106,2107,1,race + age,2
2106,2107,2,gender,1
2107,2108,1,race + age,2
2107,2108,2,gender,1
2108,2109,1,race + age,2
2108,2109,2,gender,1
2109,2110,1,race,1
2109,2110,2,gender + age,2
2110,2111,1,race,1
2110,2111,2,gender + age,2
2111,2112,1,race,1
2111,2112,2,gender,1
2111,2112,3,age,1
2112,2113,1,race + age,2
2112,2113,2,gender,1
2113,2114,1,race + age,2
2113,2114,2,gender,1
2114,2115,1,race + age,2
2114,2115,2,gender,1
2115,2116,1,race,1
2115,2116,2,gender + age,2
2116,2117,1,race + age,2
2116,2117,2,gender,1
2117,2118,1,race + age,2
2117,2118,2,gender,1
2118,2119,1,race + age,2
2118,2119,2,gender,1
2119,2120,1,race + age,2
2119,2120,2,gender,1
2120,2121,1,race,1
2120,2121,2,gender,1
2120,2121,3,age,1
2121,2122,1,race,1
2121,2122,2,gender,1
2121,2122,3,age,1
2122,2123,1,race + age,2
2122,2123,2,gender,1
2123,2124,1,race + age,2
2123,2124,2,gender,1
2124,2125,1,race,1
2124,2125,2,gender + age,2
2125,2126,1,race + age,2
2125,2126,2,gender,1
2126,2127,1,race,1
2126,2127,2,gender,1
2126,2127,3,age,1
2127,2128,1,race + age,2
2127,2128,2,gender,1
2128,2129,1,race + age,2
2128,2129,2,gender,1
2129,2130,1,race,1
2129,2130,2,gender,1
2129,2130,3,age,1
2130,2131,1,race,1
2130,2131,2,gender + age,2
2131,2132,1,race + age,2
2131,2132,2,gender,1
2132,2133,1,race,1
2132,2133,2,gender + age,2
2133,2134,1,race,1
2133,2134,2,gender,1
2133,2134,3,age,1
2134,2135,1,race + age,2
2134,2135,2,gender,1
2135,2136,1,race,1
2135,2136,2,gender,1
2135,2136,3,age,1
2136,2137,1,race + age,2
2136,2137,2,gender,1
2137,2138,1,race,1
2137,2138,2,gender + age,2
2138,2139,1,race,1
2138,2139,2,gender,1
2138,2139,3,age,1
2139,2140,1,race + age,2
2139,2140,2,gender,1
2140,2141,1,race + age,2
2140,2141,2,gender,1
2141,2142,1,race + age,2
2141,2142,2,gender,1
2142,2143,1,race + age,2
2142,2143,2,gender,1
2143,2144,1,race,1
2143,2144,2,gender + age,2
2144,2145,1,race + age,2
2144,2145,2,gender,1
2145,2146,1,race,1
2145,2146,2,gender,1
2145,2146,3,age,1
2146,2147,1,race,1
2146,2147,2,gender,1
2146,2147,3,age,1
2147,2148,1,race,1
2147,2148,2,gender + age,2
2148,2149,1,race,1
2148,2149,2,gender,1
2148,2149,3,age,1
2149,2150,1,race,1
2149,2150,2,gender,1
2149,2150,3,age,1
2150,2151,1,race + age,2
2150,2151,2,gender,1
2151,2152,1,race + age,2
2151,2152,2,gender,1
2152,2153,1,race + age,2
2152,2153,2,gender,1
2153,2154,1,race,1
2153,2154,2,gender,1
2153,2154,3,age,1
2154,2155,1,race,1
2154,2155,2,gender,1
2154,2155,3,age,1
2155,2156,1,race + age,2
2155,2156,2,gender,1
2156,2157,1,race + age,2
2156,2157,2,gender,1
