dataset,method,sa_count,accuracy_mean,accuracy_std,macro_f1_mean,roc_auc_mean,original_accuracy_mean,accuracy_delta_mean
Adult,ARX,1,0.7694347754019559,0.016139636453153465,0.589942543588024,0.7130358472476875,0.8233604066523013,-0.05392563125034533
Adult,KC-Slice,1,0.7510359688380573,0.0,0.4289095039757667,0.5,0.8233604066523013,-0.07232443781424386
Adult,Mondrian,1,0.6696502569202719,0.0055546481286643384,0.40488348168282146,0.39601698826146414,0.8233604066523013,-0.1537101497320294
Adult,ARX,2,0.7692690203878666,0.015959892626639494,0.5892329383050692,0.7074433627475095,0.8224763799104924,-0.05320735952262557
Adult,KC-Slice,2,0.7510359688380573,0.0,0.4289095039757667,0.5,0.8224763799104924,-0.07144041107243494
Adult,Mondrian,2,0.6706447870048069,0.008091493616747176,0.4052454902591887,0.3838950895360784,0.8224763799104924,-0.15183159290568535
Adult,ARX,3,0.7693242720592298,0.016072539308726683,0.5892054048140444,0.7072073792975021,0.8215371014973204,-0.052212829438090434
Adult,KC-Slice,3,0.7508702138239682,0.0007225093557999121,0.43294665193918674,0.5268547745701726,0.8215371014973204,-0.07066688767335207
Adult,Mondrian,3,0.6745124040002209,0.005361690057553736,0.4065282018263043,0.3812157859507659,0.8215371014973204,-0.14702469749709923
Diabetes,ARX,1,0.5337820610881648,0.0,0.232011259239558,0.4981725591109063,0.5337820610881648,0.0
Diabetes,KC-Slice,1,0.520184250335696,0.000947587909150749,0.2682155905623182,0.49882017169496123,0.5337820610881648,-0.013597810752468834
Diabetes,Mondrian,1,0.5337820610881648,0.0,0.232011259239558,0.5,0.5337820610881648,0.0
Diabetes,ARX,2,0.5337820610881648,0.0,0.232011259239558,0.5217629599618634,0.5337820610881648,0.0
Diabetes,KC-Slice,2,0.5203032311797801,0.003385998224744851,0.2631058562938123,0.5001770799040468,0.5337820610881648,-0.0134788299083847
Diabetes,Mondrian,2,0.5337820610881648,0.0,0.232011259239558,0.5,0.5337820610881648,0.0
Diabetes,ARX,3,0.5337820610881648,0.0,0.232011259239558,0.5217629599618634,0.5337820610881648,0.0
Diabetes,KC-Slice,3,0.5166828140669352,0.004079768135197128,0.2711386529661431,0.49782355907685777,0.5337820610881648,-0.017099247021229568
Diabetes,Mondrian,3,0.5337820610881648,0.0,0.232011259239558,0.5,0.5337820610881648,0.0
