dataset,method,sa_count,dm_mean,dm_std,ncp_mean,ncp_available,equivalence_classes_mean,min_class_mean,max_class_mean
Adult,ARX,1,125456315.0,108634192.50507037,,0,24.666666666666668,30.666666666666668,8392.0
Adult,KC-Slice,1,291104321.0,0.0,,0,2.0,12064.0,12065.0
Adult,Mondrian,1,460399.0,11683.068946128838,16.682088100880645,3,1511.3333333333333,10.0,107.33333333333333
Adult,ARX,2,80750557.66666667,31202418.91036843,,0,26.0,54.333333333333336,6496.333333333333
Adult,KC-Slice,2,83172663.0,0.0,,0,7.0,3447.0,3447.0
Adult,Mondrian,2,497859.0,16844.78115025541,17.49976669043536,3,1451.6666666666667,10.0,119.0
Adult,ARX,3,80750557.66666667,31202418.91036843,,0,26.0,54.333333333333336,6496.333333333333
Adult,KC-Slice,3,12129357.0,0.0,,0,48.0,502.0,503.0
Adult,Mondrian,3,532209.6666666666,8158.466114002895,19.45635183187392,3,1398.3333333333333,10.0,123.0
Diabetes,ARX,1,1140883740.6666667,656565.3589775948,,0,10.0,51.0,20234.0
Diabetes,KC-Slice,1,8913466.666666666,26827.230519256424,,0,690.3333333333334,113.33333333333333,114.33333333333333
Diabetes,Mondrian,1,508090563.3333333,45571507.46183814,,0,45.333333333333336,11.333333333333334,11836.666666666666
Diabetes,ARX,2,953382869.3333334,326435441.59260875,,0,13.333333333333334,44.666666666666664,17160.666666666668
Diabetes,KC-Slice,2,4398459.333333333,17609.358572456003,,0,1399.0,55.666666666666664,56.666666666666664
Diabetes,Mondrian,2,508090563.3333333,45571507.46183814,,0,45.333333333333336,11.333333333333334,11836.666666666666
Diabetes,ARX,3,953382869.3333334,326435441.59260875,,0,13.333333333333334,44.666666666666664,17160.666666666668
Diabetes,KC-Slice,3,2856694.0,5042.870611070643,,0,2154.3333333333335,36.0,37.0
Diabetes,Mondrian,3,508090563.3333333,45571507.46183814,,0,45.333333333333336,11.333333333333334,11836.666666666666
