dataset,sa_count,rank,method,mean_accuracy
Adult,1,1,ARX,0.7694347754019559
Adult,1,2,KC-Slice,0.7510359688380573
Adult,1,3,Mondrian,0.6696502569202719
Adult,2,1,ARX,0.7692690203878666
Adult,2,2,KC-Slice,0.7510359688380573
Adult,2,3,Mondrian,0.6706447870048069
Adult,3,1,ARX,0.7693242720592298
Adult,3,2,KC-Slice,0.7508702138239682
Adult,3,3,Mondrian,0.6745124040002209
Diabetes,1,1,ARX,0.5337820610881648
Diabetes,1,2,Mondrian,0.5337820610881648
Diabetes,1,3,KC-Slice,0.520184250335696
Diabetes,2,1,ARX,0.5337820610881648
Diabetes,2,2,Mondrian,0.5337820610881648
Diabetes,2,3,KC-Slice,0.5203032311797801
Diabetes,3,1,ARX,0.5337820610881648
Diabetes,3,2,Mondrian,0.5337820610881648
Diabetes,3,3,KC-Slice,0.5166828140669352
