dataset,sa_count,rank,method,mean_dm
Adult,1,1,Mondrian,460399.0
Adult,1,2,ARX,125456315.0
Adult,1,3,KC-Slice,291104321.0
Adult,2,1,Mondrian,497859.0
Adult,2,2,ARX,80750557.66666667
Adult,2,3,KC-Slice,83172663.0
Adult,3,1,Mondrian,532209.6666666666
Adult,3,2,KC-Slice,12129357.0
Adult,3,3,ARX,80750557.66666667
Diabetes,1,1,KC-Slice,8913466.666666666
Diabetes,1,2,Mondrian,508090563.3333333
Diabetes,1,3,ARX,1140883740.6666667
Diabetes,2,1,KC-Slice,4398459.333333333
Diabetes,2,2,Mondrian,508090563.3333333
Diabetes,2,3,ARX,953382869.3333334
Diabetes,3,1,KC-Slice,2856694.0
Diabetes,3,2,Mondrian,508090563.3333333
Diabetes,3,3,ARX,953382869.3333334
