class_id,attribute,class_size,distinct_values,modal_value,modal_count,modal_percent,k_reference,k_anonymity_pass
1,income,195,2,<=50K,193,98.97435897435898,10,True
1,race,195,5,White,139,71.28205128205128,10,True
1,native.country,195,22,United-States,103,52.82051282051282,10,True
2,income,623,2,<=50K,582,93.41894060995185,10,True
2,race,623,5,White,549,88.12199036918138,10,True
2,native.country,623,26,United-States,350,56.17977528089887,10,True
3,income,684,2,<=50K,596,87.13450292397661,10,True
3,race,684,5,White,550,80.4093567251462,10,True
3,native.country,684,19,United-States,640,93.5672514619883,10,True
4,income,1194,2,<=50K,806,67.50418760469012,10,True
4,race,1194,5,White,1076,90.11725293132328,10,True
4,native.country,1194,28,United-States,1117,93.55108877721943,10,True
5,income,1654,2,<=50K,1259,76.11850060459493,10,True
5,race,1654,5,White,1408,85.12696493349456,10,True
5,native.country,1654,31,United-States,1517,91.71704957678355,10,True
6,income,3710,2,>50K,2030,54.716981132075475,10,True
6,race,3710,5,White,3348,90.24258760107817,10,True
6,native.country,3710,36,United-States,3394,91.48247978436657,10,True
7,income,139,2,>50K,75,53.9568345323741,10,True
7,race,139,4,White,123,88.48920863309353,10,True
7,native.country,139,10,United-States,127,91.36690647482014,10,True
8,income,584,2,>50K,465,79.62328767123287,10,True
8,race,584,5,White,529,90.58219178082192,10,True
8,native.country,584,22,United-States,506,86.64383561643835,10,True
9,income,295,2,<=50K,292,98.98305084745763,10,True
9,race,295,5,White,207,70.16949152542372,10,True
9,native.country,295,21,United-States,247,83.72881355932203,10,True
10,income,717,2,<=50K,655,91.35285913528591,10,True
10,race,717,5,White,610,85.07670850767084,10,True
10,native.country,717,20,United-States,629,87.72663877266388,10,True
11,income,390,2,<=50K,384,98.46153846153847,10,True
11,race,390,5,White,306,78.46153846153847,10,True
11,native.country,390,18,United-States,356,91.28205128205128,10,True
12,income,732,2,<=50K,675,92.21311475409836,10,True
12,race,732,5,White,627,85.65573770491804,10,True
12,native.country,732,21,United-States,653,89.20765027322405,10,True
13,income,4481,2,<=50K,4166,92.97031912519527,10,True
13,race,4481,5,White,3605,80.45079223387637,10,True
13,native.country,4481,40,United-States,4169,93.03726846686007,10,True
14,income,8731,2,<=50K,6652,76.18829458252205,10,True
14,race,8731,5,White,7679,87.95097926927042,10,True
14,native.country,8731,40,United-States,8197,93.88386210056122,10,True
