bucket,bucket_id,output_position,original_group
1,0,1,slice_4
1,0,2,slice_3
1,0,3,slice_2
1,0,4,slice_1
2,1,1,slice_4
2,1,2,slice_1
2,1,3,slice_2
2,1,4,slice_3
3,2,1,slice_4
3,2,2,slice_2
3,2,3,slice_3
3,2,4,slice_1
4,3,1,slice_1
4,3,2,slice_4
4,3,3,slice_2
4,3,4,slice_3
5,4,1,slice_1
5,4,2,slice_3
5,4,3,slice_2
5,4,4,slice_4
6,5,1,slice_4
6,5,2,slice_2
6,5,3,slice_3
6,5,4,slice_1
7,6,1,slice_4
7,6,2,slice_1
7,6,3,slice_3
7,6,4,slice_2
8,7,1,slice_3
8,7,2,slice_4
8,7,3,slice_2
8,7,4,slice_1
9,8,1,slice_4
9,8,2,slice_2
9,8,3,slice_1
9,8,4,slice_3
10,9,1,slice_2
10,9,2,slice_3
10,9,3,slice_4
10,9,4,slice_1
11,10,1,slice_4
11,10,2,slice_3
11,10,3,slice_2
11,10,4,slice_1
12,11,1,slice_1
12,11,2,slice_4
12,11,3,slice_3
12,11,4,slice_2
13,12,1,slice_1
13,12,2,slice_3
13,12,3,slice_4
13,12,4,slice_2
14,13,1,slice_2
14,13,2,slice_1
14,13,3,slice_4
14,13,4,slice_3
15,14,1,slice_1
15,14,2,slice_3
15,14,3,slice_2
15,14,4,slice_4
16,15,1,slice_1
16,15,2,slice_3
16,15,3,slice_2
16,15,4,slice_4
17,16,1,slice_4
17,16,2,slice_2
17,16,3,slice_1
17,16,4,slice_3
18,17,1,slice_1
18,17,2,slice_2
18,17,3,slice_4
18,17,4,slice_3
19,18,1,slice_1
19,18,2,slice_2
19,18,3,slice_4
19,18,4,slice_3
20,19,1,slice_2
20,19,2,slice_3
20,19,3,slice_1
20,19,4,slice_4
21,20,1,slice_3
21,20,2,slice_4
21,20,3,slice_2
21,20,4,slice_1
22,21,1,slice_3
22,21,2,slice_2
22,21,3,slice_4
22,21,4,slice_1
23,22,1,slice_2
23,22,2,slice_3
23,22,3,slice_4
23,22,4,slice_1
24,23,1,slice_3
24,23,2,slice_4
24,23,3,slice_2
24,23,4,slice_1
25,24,1,slice_4
25,24,2,slice_1
25,24,3,slice_3
25,24,4,slice_2
26,25,1,slice_2
26,25,2,slice_3
26,25,3,slice_4
26,25,4,slice_1
27,26,1,slice_4
27,26,2,slice_3
27,26,3,slice_1
27,26,4,slice_2
28,27,1,slice_1
28,27,2,slice_2
28,27,3,slice_4
28,27,4,slice_3
29,28,1,slice_2
29,28,2,slice_1
29,28,3,slice_3
29,28,4,slice_4
30,29,1,slice_3
30,29,2,slice_4
30,29,3,slice_2
30,29,4,slice_1
31,30,1,slice_1
31,30,2,slice_2
31,30,3,slice_3
31,30,4,slice_4
32,31,1,slice_4
32,31,2,slice_2
32,31,3,slice_3
32,31,4,slice_1
33,32,1,slice_2
33,32,2,slice_3
33,32,3,slice_4
33,32,4,slice_1
34,33,1,slice_1
34,33,2,slice_2
34,33,3,slice_4
34,33,4,slice_3
35,34,1,slice_2
35,34,2,slice_1
35,34,3,slice_3
35,34,4,slice_4
36,35,1,slice_4
36,35,2,slice_1
36,35,3,slice_2
36,35,4,slice_3
37,36,1,slice_3
37,36,2,slice_4
37,36,3,slice_1
37,36,4,slice_2
38,37,1,slice_2
38,37,2,slice_1
38,37,3,slice_4
38,37,4,slice_3
39,38,1,slice_1
39,38,2,slice_2
39,38,3,slice_3
39,38,4,slice_4
40,39,1,slice_4
40,39,2,slice_3
40,39,3,slice_2
40,39,4,slice_1
41,40,1,slice_2
41,40,2,slice_3
41,40,3,slice_1
41,40,4,slice_4
42,41,1,slice_2
42,41,2,slice_1
42,41,3,slice_3
42,41,4,slice_4
43,42,1,slice_3
43,42,2,slice_4
43,42,3,slice_2
43,42,4,slice_1
44,43,1,slice_1
44,43,2,slice_2
44,43,3,slice_3
44,43,4,slice_4
45,44,1,slice_1
45,44,2,slice_4
45,44,3,slice_2
45,44,4,slice_3
46,45,1,slice_4
46,45,2,slice_3
46,45,3,slice_1
46,45,4,slice_2
47,46,1,slice_3
47,46,2,slice_4
47,46,3,slice_2
47,46,4,slice_1
48,47,1,slice_3
48,47,2,slice_1
48,47,3,slice_4
48,47,4,slice_2
