bucket_id,bucket,attribute,hsa,bucket_size,before_count,before_percent,allowed_count,suppressed_count,after_count,after_percent
0,1,income,<=50K,3447,2574,74.67362924281984,172,2402,172,4.989846243109951
0,1,race,White,3447,2958,85.81375108790252,172,2786,172,4.989846243109951
1,2,income,<=50K,3447,2596,75.31186539019437,172,2424,172,4.989846243109951
1,2,race,White,3447,2959,85.84276182187409,172,2787,172,4.989846243109951
2,3,income,<=50K,3447,2592,75.19582245430809,172,2420,172,4.989846243109951
2,3,race,White,3447,2948,85.52364374818683,172,2776,172,4.989846243109951
3,4,income,<=50K,3447,2588,75.07977951842182,172,2416,172,4.989846243109951
3,4,race,White,3447,2973,86.24891209747607,172,2801,172,4.989846243109951
4,5,income,<=50K,3447,2580,74.84769364664926,172,2408,172,4.989846243109951
4,5,race,White,3447,2966,86.04583695967509,172,2794,172,4.989846243109951
5,6,income,<=50K,3447,2610,75.71801566579634,172,2438,172,4.989846243109951
5,6,race,White,3447,2960,85.87177255584567,172,2788,172,4.989846243109951
6,7,income,<=50K,3447,2583,74.93472584856397,172,2411,172,4.989846243109951
6,7,race,White,3447,2971,86.19089062953293,172,2799,172,4.989846243109951
