run_id,dataset,method,sa_count,sensitive_attributes,qid_columns,seed,k,train_rows,test_rows,equivalence_classes,equivalence_class_sizes,minimum_class_size,maximum_class_size,mean_class_size,discernibility_metric,information_loss_metric,information_loss_source,classifier,target,accuracy,macro_f1,roc_auc,original_accuracy,accuracy_delta_vs_original,utility_protocol
1,Adult,Mondrian,1,income,age|workclass|education.num|marital.status|occupation|race|sex|native.country,1,10,24129,6033,1520,10;10;10;10;10;10;10;10;10;10;10;10;10;10;10;10;10;10;10;10;10;10;10;10;10;10;10;10;10;10;10;10;10;10;10;10;10;10;10;10;10;10;10;10;10;10;10;10;10;10;10;10;10;10;10;10;10;10;10;10;10;10;10;10;10;10;10;10;10;10;10;10;10;10;10;10;10;10;10;10;10;10;10;10;10;10;10;10;10;10;10;10;10;10;10;10;10;10;10;10;10;10;10;10;10;10;10;10;10;10;10;10;10;10;10;10;10;10;10;10;10;10;10;10;10;10;10;10;10;10;10;10;10;10;10;10;10;10;10;10;10;10;10;10;10;10;10;10;10;10;10;10;10;10;10;10;10;10;10;10;10;10;10;10;10;10;10;10;10;10;10;10;11;11;11;11;11;11;11;11;11;11;11;11;11;11;11;11;11;11;11;11;11;11;11;11;11;11;11;11;11;11;11;11;11;11;11;11;11;11;11;11;11;11;11;11;11;11;11;11;11;11;11;11;11;11;11;11;11;11;11;11;11;11;11;11;11;11;11;11;11;11;11;11;11;11;11;11;11;11;11;11;11;11;11;11;11;11;11;11;11;11;11;11;11;11;11;11;11;11;11;11;11;11;11;11;11;11;11;11;11;11;11;11;11;11;11;11;11;11;11;11;11;11;11;11;11;11;11;11;11;11;11;11;11;11;11;11;11;11;11;11;11;11;11;11;11;11;11;11;11;11;11;11;11;11;11;11;11;11;11;11;11;11;11;11;11;11;11;11;11;11;11;11;11;11;11;11;11;11;11;11;12;12;12;12;12;12;12;12;12;12;12;12;12;12;12;12;12;12;12;12;12;12;12;12;12;12;12;12;12;12;12;12;12;12;12;12;12;12;12;12;12;12;12;12;12;12;12;12;12;12;12;12;12;12;12;12;12;12;12;12;12;12;12;12;12;12;12;12;12;12;12;12;12;12;12;12;12;12;12;12;12;12;12;12;12;12;12;12;12;12;12;12;12;12;12;12;12;12;12;12;12;12;12;12;12;12;12;12;12;12;12;12;12;12;12;12;12;12;12;12;12;12;12;12;12;12;12;12;12;12;12;12;12;12;12;12;12;12;12;12;12;12;12;12;12;12;12;12;12;12;12;12;12;12;12;12;12;12;12;12;12;12;12;12;12;12;12;12;12;12;12;12;12;12;13;13;13;13;13;13;13;13;13;13;13;13;13;13;13;13;13;13;13;13;13;13;13;13;13;13;13;13;13;13;13;13;13;13;13;13;13;13;13;13;13;13;13;13;13;13;13;13;13;13;13;13;13;13;13;13;13;13;13;13;13;13;13;13;13;13;13;13;13;13;13;13;13;13;13;13;13;13;13;13;13;13;13;13;13;13;13;13;13;13;13;13;13;13;13;13;13;13;13;13;13;13;13;13;13;13;13;13;13;13;13;13;13;13;13;13;13;13;13;13;13;13;13;13;13;13;13;13;13;13;13;13;13;13;13;13;13;13;13;13;13;13;13;13;13;13;13;13;13;13;13;13;13;13;13;14;14;14;14;14;14;14;14;14;14;14;14;14;14;14;14;14;14;14;14;14;14;14;14;14;14;14;14;14;14;14;14;14;14;14;14;14;14;14;14;14;14;14;14;14;14;14;14;14;14;14;14;14;14;14;14;14;14;14;14;14;14;14;14;14;14;14;14;14;14;14;14;14;14;14;14;14;14;14;14;14;14;14;14;14;14;14;14;14;14;14;14;14;14;14;14;14;14;14;14;14;14;14;14;14;14;14;14;14;14;14;14;14;14;14;14;14;14;14;14;14;14;14;14;14;14;14;15;15;15;15;15;15;15;15;15;15;15;15;15;15;15;15;15;15;15;15;15;15;15;15;15;15;15;15;15;15;15;15;15;15;15;15;15;15;15;15;15;15;15;15;15;15;15;15;15;15;15;15;15;15;15;15;15;15;15;15;15;15;15;15;15;15;15;15;15;15;15;15;15;15;15;15;15;15;15;15;15;15;15;15;15;15;15;15;15;15;15;15;15;15;15;15;15;16;16;16;16;16;16;16;16;16;16;16;16;16;16;16;16;16;16;16;16;16;16;16;16;16;16;16;16;16;16;16;16;16;16;16;16;16;16;16;16;16;16;16;16;16;16;16;16;16;16;16;16;16;16;16;16;16;16;16;16;16;16;16;16;16;16;16;16;16;16;16;16;16;16;16;16;16;16;16;16;16;16;16;16;16;16;16;16;16;16;16;16;16;16;16;16;16;16;16;16;16;17;17;17;17;17;17;17;17;17;17;17;17;17;17;17;17;17;17;17;17;17;17;17;17;17;17;17;17;17;17;17;17;17;17;17;17;17;17;17;17;17;17;17;17;17;17;17;17;17;17;17;17;17;17;17;17;17;17;17;17;17;17;17;17;17;17;17;17;17;17;17;17;17;17;17;17;17;17;17;17;17;17;17;17;17;17;17;17;17;17;17;17;17;17;17;17;17;17;18;18;18;18;18;18;18;18;18;18;18;18;18;18;18;18;18;18;18;18;18;18;18;18;18;18;18;18;18;18;18;18;18;18;18;18;18;18;18;18;18;18;18;18;18;18;18;18;18;18;18;18;18;18;18;18;18;18;18;18;18;18;18;18;18;18;18;18;18;18;18;18;18;18;18;18;18;18;18;18;18;18;18;19;19;19;19;19;19;19;19;19;19;19;19;19;19;19;19;19;19;19;19;19;19;19;19;19;19;19;19;19;19;19;19;19;19;19;19;19;19;19;19;19;19;19;19;19;19;19;19;19;19;19;19;19;19;19;19;19;19;19;19;19;19;19;19;19;19;19;19;19;19;19;19;19;19;19;19;19;19;19;19;19;19;19;19;19;19;19;19;20;20;20;20;20;20;20;20;20;20;20;20;20;20;20;20;20;20;20;20;20;20;20;20;20;20;20;20;20;20;20;20;20;20;20;20;20;20;20;20;20;20;20;20;20;20;20;20;20;21;21;21;21;21;21;21;21;21;21;21;21;21;21;21;21;21;21;21;22;22;22;22;22;22;22;22;22;22;22;22;22;22;22;22;22;22;22;22;22;22;23;23;23;23;23;23;23;23;23;23;23;23;23;23;23;23;23;23;23;23;24;24;24;24;24;24;24;24;24;24;24;24;24;24;24;24;24;24;24;25;25;25;25;25;25;25;25;25;25;25;25;26;26;26;26;26;26;26;26;26;26;26;26;26;26;26;26;26;26;27;27;27;27;27;27;27;28;28;28;28;28;28;28;28;28;28;29;29;29;29;29;29;29;29;29;29;29;30;30;30;30;30;30;30;30;30;31;31;31;31;31;32;32;32;32;32;32;33;33;33;33;33;33;33;34;34;35;36;37;37;37;37;38;38;40;40;41;43;43;44;44;45;46;46;46;51;51;53;54;54;55;60;65;70;108,10,108,15.874342105263159,453749,16.645150895448204,run_summary.json:information_loss_metric,LogisticRegression(max_iter=1000),income,0.669816011934361,0.4044835671910709,0.3949888341330223,0.823139399966849,-0.15332338803248802,train_fitted_holdout_transform_mondrian_nearest_class_projection
2,Adult,Mondrian,1,income,age|workclass|education.num|marital.status|occupation|race|sex|native.country,2,10,24129,6033,1511,10;10;10;10;10;10;10;10;10;10;10;10;10;10;10;10;10;10;10;10;10;10;10;10;10;10;10;10;10;10;10;10;10;10;10;10;10;10;10;10;10;10;10;10;10;10;10;10;10;10;10;10;10;10;10;10;10;10;10;10;10;10;10;10;10;10;10;10;10;10;10;10;10;10;10;10;10;10;10;10;10;10;10;10;10;10;10;10;10;10;10;10;10;10;10;10;10;10;10;10;10;10;10;10;10;10;10;10;10;10;10;10;10;10;10;10;10;10;10;10;10;10;10;10;10;10;10;10;10;10;10;10;10;10;10;10;10;10;10;10;10;10;10;10;10;10;10;10;10;10;10;10;10;10;10;10;10;10;10;10;10;10;10;10;10;10;10;10;10;11;11;11;11;11;11;11;11;11;11;11;11;11;11;11;11;11;11;11;11;11;11;11;11;11;11;11;11;11;11;11;11;11;11;11;11;11;11;11;11;11;11;11;11;11;11;11;11;11;11;11;11;11;11;11;11;11;11;11;11;11;11;11;11;11;11;11;11;11;11;11;11;11;11;11;11;11;11;11;11;11;11;11;11;11;11;11;11;11;11;11;11;11;11;11;11;11;11;11;11;11;11;11;11;11;11;11;11;11;11;11;11;11;11;11;11;11;11;11;11;11;11;11;11;11;11;11;11;11;11;11;11;11;11;11;11;11;11;11;11;11;11;11;11;11;11;11;11;11;11;11;11;11;11;11;11;11;11;11;11;11;11;11;11;11;11;11;11;11;11;11;11;11;11;11;11;11;11;11;12;12;12;12;12;12;12;12;12;12;12;12;12;12;12;12;12;12;12;12;12;12;12;12;12;12;12;12;12;12;12;12;12;12;12;12;12;12;12;12;12;12;12;12;12;12;12;12;12;12;12;12;12;12;12;12;12;12;12;12;12;12;12;12;12;12;12;12;12;12;12;12;12;12;12;12;12;12;12;12;12;12;12;12;12;12;12;12;12;12;12;12;12;12;12;12;12;12;12;12;12;12;12;12;12;12;12;12;12;12;12;12;12;12;12;12;12;12;12;12;12;12;12;12;12;12;12;12;12;12;12;12;12;12;12;12;12;12;12;12;12;12;12;12;12;12;12;12;12;12;12;12;12;12;12;12;12;13;13;13;13;13;13;13;13;13;13;13;13;13;13;13;13;13;13;13;13;13;13;13;13;13;13;13;13;13;13;13;13;13;13;13;13;13;13;13;13;13;13;13;13;13;13;13;13;13;13;13;13;13;13;13;13;13;13;13;13;13;13;13;13;13;13;13;13;13;13;13;13;13;13;13;13;13;13;13;13;13;13;13;13;13;13;13;13;13;13;13;13;13;13;13;13;13;13;13;13;13;13;13;13;13;13;13;13;13;13;13;13;13;13;13;13;13;13;13;13;13;13;13;13;13;13;13;13;13;13;13;13;13;13;13;13;13;13;13;13;13;13;13;13;13;13;13;13;13;13;13;13;13;14;14;14;14;14;14;14;14;14;14;14;14;14;14;14;14;14;14;14;14;14;14;14;14;14;14;14;14;14;14;14;14;14;14;14;14;14;14;14;14;14;14;14;14;14;14;14;14;14;14;14;14;14;14;14;14;14;14;14;14;14;14;14;14;14;14;14;14;14;14;14;14;14;14;14;14;14;14;14;14;14;14;14;14;14;14;14;14;14;14;14;14;14;14;14;14;14;14;14;14;14;14;14;14;14;14;14;14;14;14;14;14;14;14;14;14;14;14;14;14;14;14;14;14;14;14;15;15;15;15;15;15;15;15;15;15;15;15;15;15;15;15;15;15;15;15;15;15;15;15;15;15;15;15;15;15;15;15;15;15;15;15;15;15;15;15;15;15;15;15;15;15;15;15;15;15;15;15;15;15;15;15;15;15;15;15;15;15;15;15;15;15;15;15;15;15;15;15;15;15;15;15;15;15;15;15;15;15;15;15;15;15;15;15;15;15;15;15;15;15;15;15;15;15;15;15;15;15;15;15;15;15;15;15;15;15;15;15;15;15;15;15;15;15;15;15;16;16;16;16;16;16;16;16;16;16;16;16;16;16;16;16;16;16;16;16;16;16;16;16;16;16;16;16;16;16;16;16;16;16;16;16;16;16;16;16;16;16;16;16;16;16;16;16;16;16;16;16;16;16;16;16;16;16;16;16;16;16;16;16;16;16;16;16;16;16;16;16;16;16;16;16;16;16;16;16;16;16;16;16;16;16;16;16;16;16;16;16;16;16;16;16;16;16;16;16;16;16;16;16;16;16;16;16;16;16;16;16;16;16;17;17;17;17;17;17;17;17;17;17;17;17;17;17;17;17;17;17;17;17;17;17;17;17;17;17;17;17;17;17;17;17;17;17;17;17;17;17;17;17;17;17;17;17;17;17;17;17;17;17;17;17;17;17;17;17;17;17;17;17;17;17;17;17;17;17;17;17;17;17;17;17;17;17;17;17;17;17;17;17;17;17;17;17;17;17;17;17;17;17;17;17;18;18;18;18;18;18;18;18;18;18;18;18;18;18;18;18;18;18;18;18;18;18;18;18;18;18;18;18;18;18;18;18;18;18;18;18;18;18;18;18;18;18;18;18;18;18;18;18;18;18;18;18;18;18;18;18;18;18;18;18;18;18;18;18;18;18;18;18;18;18;18;18;18;18;18;18;18;18;18;18;18;18;18;19;19;19;19;19;19;19;19;19;19;19;19;19;19;19;19;19;19;19;19;19;19;19;19;19;19;19;19;19;19;19;19;19;19;19;19;19;19;19;19;19;19;19;19;19;19;19;19;19;19;19;19;19;19;19;19;19;19;19;19;19;19;19;19;19;19;19;19;19;19;19;19;19;19;19;19;19;19;20;20;20;20;20;20;20;20;20;20;20;20;20;20;20;20;20;20;20;20;20;20;20;20;20;20;20;20;20;20;20;20;20;20;20;20;20;20;20;20;20;20;20;21;21;21;21;21;21;21;21;21;21;21;21;21;21;21;21;21;21;21;21;21;21;22;22;22;22;22;22;22;22;22;22;22;22;22;22;22;22;22;22;22;22;22;22;22;22;22;22;22;23;23;23;23;23;23;23;23;23;23;23;23;23;23;24;24;24;24;24;24;24;24;24;24;24;24;24;24;24;24;24;24;24;25;25;25;25;25;25;25;25;25;26;26;26;26;26;26;26;26;26;26;26;26;26;26;27;27;27;27;27;27;27;27;27;27;27;27;28;28;28;28;28;28;28;28;28;28;28;28;28;29;29;29;29;29;29;29;29;29;30;30;30;30;30;30;30;31;31;31;31;31;32;32;32;32;32;32;32;32;33;33;33;33;33;33;33;34;34;35;35;35;35;35;36;36;37;38;38;39;40;40;41;44;45;46;47;47;51;52;54;54;66;75;86;94;110;126,10,126,15.968894771674387,473889,16.57078078385838,run_summary.json:information_loss_metric,LogisticRegression(max_iter=1000),income,0.6751201723852146,0.40643948018653914,0.4053401467799427,0.8252942151500083,-0.15017404276479374,train_fitted_holdout_transform_mondrian_nearest_class_projection
3,Adult,Mondrian,1,income,age|workclass|education.num|marital.status|occupation|race|sex|native.country,3,10,24129,6033,1503,10;10;10;10;10;10;10;10;10;10;10;10;10;10;10;10;10;10;10;10;10;10;10;10;10;10;10;10;10;10;10;10;10;10;10;10;10;10;10;10;10;10;10;10;10;10;10;10;10;10;10;10;10;10;10;10;10;10;10;10;10;10;10;10;10;10;10;10;10;10;10;10;10;10;10;10;10;10;10;10;10;10;10;10;10;10;10;10;10;10;10;10;10;10;10;10;10;10;10;10;10;10;10;10;10;10;10;10;10;10;10;10;10;10;10;10;10;10;10;10;10;10;10;10;10;10;10;10;10;10;10;10;10;10;10;10;10;10;10;10;10;10;10;10;10;10;10;10;10;10;10;10;10;10;10;10;10;10;10;10;10;10;10;10;10;10;10;10;10;10;10;10;10;10;10;10;10;10;11;11;11;11;11;11;11;11;11;11;11;11;11;11;11;11;11;11;11;11;11;11;11;11;11;11;11;11;11;11;11;11;11;11;11;11;11;11;11;11;11;11;11;11;11;11;11;11;11;11;11;11;11;11;11;11;11;11;11;11;11;11;11;11;11;11;11;11;11;11;11;11;11;11;11;11;11;11;11;11;11;11;11;11;11;11;11;11;11;11;11;11;11;11;11;11;11;11;11;11;11;11;11;11;11;11;11;11;11;11;11;11;11;11;11;11;11;11;11;11;11;11;11;11;11;11;11;11;11;11;11;11;11;11;11;11;11;11;11;11;11;11;11;11;11;11;11;11;11;11;11;11;11;11;11;11;11;11;11;11;11;11;11;11;11;11;11;11;11;11;11;11;11;11;11;11;11;11;11;11;12;12;12;12;12;12;12;12;12;12;12;12;12;12;12;12;12;12;12;12;12;12;12;12;12;12;12;12;12;12;12;12;12;12;12;12;12;12;12;12;12;12;12;12;12;12;12;12;12;12;12;12;12;12;12;12;12;12;12;12;12;12;12;12;12;12;12;12;12;12;12;12;12;12;12;12;12;12;12;12;12;12;12;12;12;12;12;12;12;12;12;12;12;12;12;12;12;12;12;12;12;12;12;12;12;12;12;12;12;12;12;12;12;12;12;12;12;12;12;12;12;12;12;12;12;12;12;12;12;12;12;12;12;12;12;12;12;12;12;12;12;12;13;13;13;13;13;13;13;13;13;13;13;13;13;13;13;13;13;13;13;13;13;13;13;13;13;13;13;13;13;13;13;13;13;13;13;13;13;13;13;13;13;13;13;13;13;13;13;13;13;13;13;13;13;13;13;13;13;13;13;13;13;13;13;13;13;13;13;13;13;13;13;13;13;13;13;13;13;13;13;13;13;13;13;13;13;13;13;13;13;13;13;13;13;13;13;13;13;13;13;13;13;13;13;13;13;13;13;13;13;13;13;13;13;13;13;13;13;13;13;13;13;13;13;13;14;14;14;14;14;14;14;14;14;14;14;14;14;14;14;14;14;14;14;14;14;14;14;14;14;14;14;14;14;14;14;14;14;14;14;14;14;14;14;14;14;14;14;14;14;14;14;14;14;14;14;14;14;14;14;14;14;14;14;14;14;14;14;14;14;14;14;14;14;14;14;14;14;14;14;14;14;14;14;14;14;14;14;14;14;14;14;14;14;14;14;14;14;14;14;14;14;14;14;14;14;14;14;14;14;14;14;14;14;14;14;14;14;14;14;14;14;14;14;14;14;14;14;14;14;15;15;15;15;15;15;15;15;15;15;15;15;15;15;15;15;15;15;15;15;15;15;15;15;15;15;15;15;15;15;15;15;15;15;15;15;15;15;15;15;15;15;15;15;15;15;15;15;15;15;15;15;15;15;15;15;15;15;15;15;15;15;15;15;15;15;15;15;15;15;15;15;15;15;15;15;15;15;15;15;15;15;15;15;15;15;15;15;15;15;15;15;15;15;15;15;15;15;15;15;15;15;15;15;15;15;16;16;16;16;16;16;16;16;16;16;16;16;16;16;16;16;16;16;16;16;16;16;16;16;16;16;16;16;16;16;16;16;16;16;16;16;16;16;16;16;16;16;16;16;16;16;16;16;16;16;16;16;16;16;16;16;16;16;16;16;16;16;16;16;16;16;16;16;16;16;16;16;16;16;16;16;16;16;16;16;16;16;16;16;16;16;16;16;16;16;16;16;16;16;16;16;16;16;16;16;16;16;16;16;16;16;16;16;16;16;16;16;16;16;17;17;17;17;17;17;17;17;17;17;17;17;17;17;17;17;17;17;17;17;17;17;17;17;17;17;17;17;17;17;17;17;17;17;17;17;17;17;17;17;17;17;17;17;17;17;17;17;17;17;17;17;17;17;17;17;17;17;17;17;17;17;17;17;17;17;17;17;17;17;17;17;17;17;17;17;17;17;17;17;17;17;17;17;17;17;17;17;17;17;17;17;17;17;17;17;17;17;17;17;17;17;17;17;17;17;18;18;18;18;18;18;18;18;18;18;18;18;18;18;18;18;18;18;18;18;18;18;18;18;18;18;18;18;18;18;18;18;18;18;18;18;18;18;18;18;18;18;18;18;18;18;18;18;18;18;18;18;18;18;18;18;18;18;18;18;18;18;18;18;18;18;18;18;18;18;18;18;18;18;18;18;18;18;18;18;18;18;18;18;18;18;18;18;19;19;19;19;19;19;19;19;19;19;19;19;19;19;19;19;19;19;19;19;19;19;19;19;19;19;19;19;19;19;19;19;19;19;19;19;19;19;19;19;19;19;19;19;19;19;19;19;19;19;19;19;19;19;19;19;19;19;19;19;19;19;19;19;19;19;19;19;19;19;19;19;19;19;19;19;19;20;20;20;20;20;20;20;20;20;20;20;20;20;20;20;20;20;20;20;20;20;20;20;20;20;20;20;20;20;20;20;20;20;20;20;20;20;20;20;20;20;20;20;20;20;20;20;20;21;21;21;21;21;21;21;21;21;21;21;21;21;21;21;21;21;21;21;21;21;21;21;21;21;21;21;21;21;22;22;22;22;22;22;22;22;22;22;22;22;22;22;22;22;22;22;22;22;22;22;22;22;22;22;22;23;23;23;23;23;23;23;23;23;23;23;23;23;23;23;23;23;23;23;23;23;23;23;23;24;24;24;24;24;24;24;24;24;24;24;24;24;24;25;25;25;25;25;25;25;25;25;25;25;25;25;25;25;25;25;25;26;26;26;26;26;26;26;26;26;26;26;26;27;27;27;27;27;27;27;28;28;28;28;28;28;28;28;28;29;29;29;29;29;29;29;29;29;29;30;30;30;30;30;30;30;31;31;31;31;31;31;32;32;32;32;32;33;33;33;33;33;33;34;34;34;34;34;35;35;35;35;36;36;36;36;36;36;37;37;38;38;38;38;39;39;40;40;40;40;41;41;45;46;50;52;52;52;53;53;54;60;65;88,10,88,16.05389221556886,453559,16.830332623335348,run_summary.json:information_loss_metric,LogisticRegression(max_iter=1000),income,0.6640145864412399,0.4037273976708543,0.38772198387142753,0.8216476048400464,-0.1576330183988065,train_fitted_holdout_transform_mondrian_nearest_class_projection
4,Adult,ARX,1,income,age|workclass|education.num|marital.status|occupation|race|sex|native.country,1,10,24129,6033,32,13;26;31;55;63;65;82;95;97;107;177;184;208;245;271;284;324;339;350;368;397;465;493;563;676;892;1209;1998;2494;2849;3291;5418,13,5418,754.03125,63012443,,not_persisted_in_main_run,LogisticRegression(max_iter=1000),income,0.7760649759655229,0.6663082978604851,0.7511062275238988,0.823139399966849,-0.04707442400132611,train_fitted_holdout_transform_arx_nearest_class_projection
5,Adult,ARX,1,income,age|workclass|education.num|marital.status|occupation|race|sex|native.country,2,10,24129,6033,10,68;85;105;150;241;484;1106;1134;6338;14418,68,14418,2412.9,250895871,,not_persisted_in_main_run,LogisticRegression(max_iter=1000),income,0.7510359688380573,0.42890950397576677,0.6302919582541456,0.8252942151500083,-0.07425824631195099,train_fitted_holdout_transform_arx_nearest_class_projection
6,Adult,ARX,1,income,age|workclass|education.num|marital.status|occupation|race|sex|native.country,3,10,24129,6033,32,11;25;32;56;66;74;83;95;99;108;174;186;212;247;263;286;327;351;360;369;419;465;488;543;692;884;1201;2018;2467;2826;3362;5340,11,5340,754.03125,62460631,,not_persisted_in_main_run,LogisticRegression(max_iter=1000),income,0.7812033814022874,0.6746098289278202,0.757709355965018,0.8216476048400464,-0.040444223437759,train_fitted_holdout_transform_arx_nearest_class_projection
7,Adult,KC-Slice,1,income,age|workclass|education.num|marital.status|occupation|race|sex|native.country,1,10,24129,6033,2,12064;12065,12064,12065,12064.5,291104321,,not_persisted_in_main_run,LogisticRegression(max_iter=1000),income,0.7510359688380573,0.42890950397576677,0.5,0.823139399966849,-0.0721034311287917,train_fitted_holdout_transform_kc_slice
8,Adult,KC-Slice,1,income,age|workclass|education.num|marital.status|occupation|race|sex|native.country,2,10,24129,6033,2,12064;12065,12064,12065,12064.5,291104321,,not_persisted_in_main_run,LogisticRegression(max_iter=1000),income,0.7510359688380573,0.42890950397576677,0.5,0.8252942151500083,-0.07425824631195099,train_fitted_holdout_transform_kc_slice
9,Adult,KC-Slice,1,income,age|workclass|education.num|marital.status|occupation|race|sex|native.country,3,10,24129,6033,2,12064;12065,12064,12065,12064.5,291104321,,not_persisted_in_main_run,LogisticRegression(max_iter=1000),income,0.7510359688380573,0.42890950397576677,0.5,0.8216476048400464,-0.07061163600198905,train_fitted_holdout_transform_kc_slice
10,Adult,Mondrian,2,income|race,age|workclass|education.num|marital.status|occupation|sex|native.country,1,10,24129,6033,1456,10;10;10;10;10;10;10;10;10;10;10;10;10;10;10;10;10;10;10;10;10;10;10;10;10;10;10;10;10;10;10;10;10;10;10;10;10;10;10;10;10;10;10;10;10;10;10;10;10;10;10;10;10;10;10;10;10;10;10;10;10;10;10;10;10;10;10;10;10;10;10;10;10;10;10;10;10;10;10;10;10;10;10;10;10;10;10;10;10;10;10;10;10;10;10;10;10;10;10;10;10;10;10;10;10;10;10;10;10;10;10;10;10;10;10;10;10;10;10;10;10;10;10;10;10;10;10;10;10;10;10;10;10;10;10;10;10;10;10;10;10;10;10;10;10;10;10;10;10;10;10;10;10;10;10;10;10;10;10;10;10;10;10;10;10;10;10;10;10;10;10;10;10;10;10;10;11;11;11;11;11;11;11;11;11;11;11;11;11;11;11;11;11;11;11;11;11;11;11;11;11;11;11;11;11;11;11;11;11;11;11;11;11;11;11;11;11;11;11;11;11;11;11;11;11;11;11;11;11;11;11;11;11;11;11;11;11;11;11;11;11;11;11;11;11;11;11;11;11;11;11;11;11;11;11;11;11;11;11;11;11;11;11;11;11;11;11;11;11;11;11;11;11;11;11;11;11;11;11;11;11;11;11;11;11;11;11;11;11;11;11;11;11;11;11;11;11;11;11;11;11;11;11;11;11;11;11;11;11;11;11;11;11;11;11;11;11;11;11;11;11;11;11;11;11;11;11;11;11;11;11;11;11;11;11;12;12;12;12;12;12;12;12;12;12;12;12;12;12;12;12;12;12;12;12;12;12;12;12;12;12;12;12;12;12;12;12;12;12;12;12;12;12;12;12;12;12;12;12;12;12;12;12;12;12;12;12;12;12;12;12;12;12;12;12;12;12;12;12;12;12;12;12;12;12;12;12;12;12;12;12;12;12;12;12;12;12;12;12;12;12;12;12;12;12;12;12;12;12;12;12;12;12;12;12;12;12;12;12;12;12;12;12;12;12;12;12;12;12;12;12;12;12;12;12;12;12;12;12;12;12;12;12;12;12;12;12;12;12;13;13;13;13;13;13;13;13;13;13;13;13;13;13;13;13;13;13;13;13;13;13;13;13;13;13;13;13;13;13;13;13;13;13;13;13;13;13;13;13;13;13;13;13;13;13;13;13;13;13;13;13;13;13;13;13;13;13;13;13;13;13;13;13;13;13;13;13;13;13;13;13;13;13;13;13;13;13;13;13;13;13;13;13;13;13;13;13;13;13;13;13;13;13;13;13;13;13;13;13;13;13;13;13;13;13;13;13;13;13;13;13;13;13;13;13;13;13;13;13;13;13;13;13;13;13;13;13;13;13;13;13;13;14;14;14;14;14;14;14;14;14;14;14;14;14;14;14;14;14;14;14;14;14;14;14;14;14;14;14;14;14;14;14;14;14;14;14;14;14;14;14;14;14;14;14;14;14;14;14;14;14;14;14;14;14;14;14;14;14;14;14;14;14;14;14;14;14;14;14;14;14;14;14;14;14;14;14;14;14;14;14;14;14;14;14;14;14;14;14;14;14;14;14;14;14;14;14;14;14;14;14;14;14;14;14;14;14;14;14;14;14;14;14;14;14;14;14;14;14;14;14;14;14;14;15;15;15;15;15;15;15;15;15;15;15;15;15;15;15;15;15;15;15;15;15;15;15;15;15;15;15;15;15;15;15;15;15;15;15;15;15;15;15;15;15;15;15;15;15;15;15;15;15;15;15;15;15;15;15;15;15;15;15;15;15;15;15;15;15;15;15;15;15;15;15;15;15;15;15;15;15;15;15;15;15;15;15;15;15;15;15;15;15;15;15;15;15;15;15;15;15;15;15;15;15;15;15;15;15;15;15;15;15;15;15;15;15;15;15;15;15;15;15;15;15;15;16;16;16;16;16;16;16;16;16;16;16;16;16;16;16;16;16;16;16;16;16;16;16;16;16;16;16;16;16;16;16;16;16;16;16;16;16;16;16;16;16;16;16;16;16;16;16;16;16;16;16;16;16;16;16;16;16;16;16;16;16;16;16;16;16;16;16;16;16;16;16;16;16;16;16;16;16;16;16;16;16;16;16;16;16;16;16;16;17;17;17;17;17;17;17;17;17;17;17;17;17;17;17;17;17;17;17;17;17;17;17;17;17;17;17;17;17;17;17;17;17;17;17;17;17;17;17;17;17;17;17;17;17;17;17;17;17;17;17;17;17;17;17;17;17;17;17;17;17;17;17;17;17;17;17;17;17;17;17;17;17;17;17;17;17;17;17;18;18;18;18;18;18;18;18;18;18;18;18;18;18;18;18;18;18;18;18;18;18;18;18;18;18;18;18;18;18;18;18;18;18;18;18;18;18;18;18;18;18;18;18;18;18;18;18;18;18;18;18;18;18;18;18;18;18;18;18;18;18;18;18;18;18;18;18;18;18;18;18;18;18;18;18;19;19;19;19;19;19;19;19;19;19;19;19;19;19;19;19;19;19;19;19;19;19;19;19;19;19;19;19;19;19;19;19;19;19;19;19;19;19;19;19;19;19;19;19;19;19;19;19;19;19;19;19;19;19;19;19;19;19;19;19;19;19;19;19;19;19;19;19;19;19;19;19;19;19;19;19;19;19;19;19;19;20;20;20;20;20;20;20;20;20;20;20;20;20;20;20;20;20;20;20;20;20;20;20;20;20;20;20;20;20;20;20;20;20;20;20;20;20;20;20;20;20;20;20;20;20;20;20;20;20;20;20;21;21;21;21;21;21;21;21;21;21;21;21;21;21;21;21;21;21;21;21;21;21;21;21;22;22;22;22;22;22;22;22;22;22;22;22;22;22;22;22;22;22;22;22;22;22;22;22;22;22;22;22;22;22;22;22;22;23;23;23;23;23;23;23;23;23;23;23;23;23;23;23;23;23;23;23;23;23;23;23;23;23;23;24;24;24;24;24;24;24;24;24;24;24;24;24;24;24;24;24;24;24;25;25;25;25;25;25;25;25;25;25;25;25;25;25;25;25;26;26;26;26;26;26;26;26;26;26;26;26;26;26;27;27;27;27;27;27;27;27;27;27;28;28;28;28;28;29;29;29;29;29;29;29;29;29;29;30;30;30;30;30;31;31;31;31;31;32;32;32;32;32;32;32;32;32;32;32;33;33;33;33;33;34;34;34;34;34;34;35;35;35;35;36;36;36;36;37;37;38;38;38;39;40;40;41;42;43;43;43;44;44;44;44;45;46;47;47;50;50;50;51;52;53;54;56;60;61;62;63;64;64;77;114;148,10,148,16.572115384615383,505877,17.329404934993228,run_summary.json:information_loss_metric,LogisticRegression(max_iter=1000),income,0.6727996021879662,0.4051044813695871,0.3946242059068744,0.8223106248964032,-0.14951102270843697,train_fitted_holdout_transform_mondrian_nearest_class_projection
11,Adult,Mondrian,2,income|race,age|workclass|education.num|marital.status|occupation|sex|native.country,2,10,24129,6033,1435,10;10;10;10;10;10;10;10;10;10;10;10;10;10;10;10;10;10;10;10;10;10;10;10;10;10;10;10;10;10;10;10;10;10;10;10;10;10;10;10;10;10;10;10;10;10;10;10;10;10;10;10;10;10;10;10;10;10;10;10;10;10;10;10;10;10;10;10;10;10;10;10;10;10;10;10;10;10;10;10;10;10;10;10;10;10;10;10;10;10;10;10;10;10;10;10;10;10;10;10;10;10;10;10;10;10;10;10;10;10;10;10;10;10;10;10;10;10;10;10;10;10;10;10;10;10;10;10;10;10;10;10;10;10;10;10;10;10;10;10;10;10;10;10;10;10;10;10;10;10;10;10;10;10;10;10;10;10;10;10;11;11;11;11;11;11;11;11;11;11;11;11;11;11;11;11;11;11;11;11;11;11;11;11;11;11;11;11;11;11;11;11;11;11;11;11;11;11;11;11;11;11;11;11;11;11;11;11;11;11;11;11;11;11;11;11;11;11;11;11;11;11;11;11;11;11;11;11;11;11;11;11;11;11;11;11;11;11;11;11;11;11;11;11;11;11;11;11;11;11;11;11;11;11;11;11;11;11;11;11;11;11;11;11;11;11;11;11;11;11;11;11;11;11;11;11;11;11;11;11;11;11;11;11;11;11;11;11;11;11;11;11;11;11;11;11;11;11;11;11;11;11;11;11;12;12;12;12;12;12;12;12;12;12;12;12;12;12;12;12;12;12;12;12;12;12;12;12;12;12;12;12;12;12;12;12;12;12;12;12;12;12;12;12;12;12;12;12;12;12;12;12;12;12;12;12;12;12;12;12;12;12;12;12;12;12;12;12;12;12;12;12;12;12;12;12;12;12;12;12;12;12;12;12;12;12;12;12;12;12;12;12;12;12;12;12;12;12;12;12;12;12;12;12;12;12;12;12;12;12;12;12;12;12;12;12;12;12;12;12;12;12;12;12;12;12;12;12;13;13;13;13;13;13;13;13;13;13;13;13;13;13;13;13;13;13;13;13;13;13;13;13;13;13;13;13;13;13;13;13;13;13;13;13;13;13;13;13;13;13;13;13;13;13;13;13;13;13;13;13;13;13;13;13;13;13;13;13;13;13;13;13;13;13;13;13;13;13;13;13;13;13;13;13;13;13;13;13;13;13;13;13;13;13;13;13;13;13;13;13;13;13;13;13;13;13;13;13;13;13;13;13;13;13;13;13;13;13;13;13;13;13;13;13;13;13;13;14;14;14;14;14;14;14;14;14;14;14;14;14;14;14;14;14;14;14;14;14;14;14;14;14;14;14;14;14;14;14;14;14;14;14;14;14;14;14;14;14;14;14;14;14;14;14;14;14;14;14;14;14;14;14;14;14;14;14;14;14;14;14;14;14;14;14;14;14;14;14;14;14;14;14;14;14;14;14;14;14;14;14;14;14;14;14;14;14;14;14;14;14;14;14;14;14;14;14;14;14;14;14;14;14;14;14;14;14;14;14;14;14;14;14;14;14;14;14;14;14;14;14;14;14;14;14;14;14;14;14;14;14;15;15;15;15;15;15;15;15;15;15;15;15;15;15;15;15;15;15;15;15;15;15;15;15;15;15;15;15;15;15;15;15;15;15;15;15;15;15;15;15;15;15;15;15;15;15;15;15;15;15;15;15;15;15;15;15;15;15;15;15;15;15;15;15;15;15;15;15;15;15;15;15;15;15;15;15;15;15;15;15;15;15;15;15;15;15;15;15;15;15;15;15;15;15;15;15;15;15;15;16;16;16;16;16;16;16;16;16;16;16;16;16;16;16;16;16;16;16;16;16;16;16;16;16;16;16;16;16;16;16;16;16;16;16;16;16;16;16;16;16;16;16;16;16;16;16;16;16;16;16;16;16;16;16;16;16;16;16;16;16;16;16;16;16;16;16;16;16;16;16;16;16;16;16;16;16;16;16;16;16;16;16;16;16;16;16;16;16;16;16;16;16;16;16;16;16;16;16;16;16;16;16;16;16;16;16;17;17;17;17;17;17;17;17;17;17;17;17;17;17;17;17;17;17;17;17;17;17;17;17;17;17;17;17;17;17;17;17;17;17;17;17;17;17;17;17;17;17;17;17;17;17;17;17;17;17;17;17;17;17;17;17;17;17;17;17;17;17;17;17;17;17;17;17;17;17;17;17;17;17;17;17;17;17;17;17;17;17;17;17;17;18;18;18;18;18;18;18;18;18;18;18;18;18;18;18;18;18;18;18;18;18;18;18;18;18;18;18;18;18;18;18;18;18;18;18;18;18;18;18;18;18;18;18;18;18;18;18;18;18;18;18;18;18;18;18;18;18;18;18;18;18;18;18;18;18;18;18;18;18;18;18;18;18;18;18;18;18;18;18;18;18;18;18;18;18;18;18;18;18;18;18;18;18;18;18;18;18;18;18;18;18;18;18;18;18;19;19;19;19;19;19;19;19;19;19;19;19;19;19;19;19;19;19;19;19;19;19;19;19;19;19;19;19;19;19;19;19;19;19;19;19;19;19;19;19;19;19;19;19;19;19;19;19;19;19;19;19;19;19;19;19;19;19;19;19;19;19;19;19;19;19;19;19;19;19;19;19;19;19;19;19;19;19;19;19;19;19;19;19;19;19;19;20;20;20;20;20;20;20;20;20;20;20;20;20;20;20;20;20;20;20;20;20;20;20;20;20;20;20;20;20;20;20;20;20;20;20;20;20;20;20;20;20;20;20;20;20;20;20;20;21;21;21;21;21;21;21;21;21;21;21;21;21;21;21;21;21;21;21;21;21;21;21;21;22;22;22;22;22;22;22;22;22;22;22;22;22;22;22;22;22;22;22;22;23;23;23;23;23;23;23;23;23;23;23;23;23;23;23;23;23;23;23;23;24;24;24;24;24;24;24;24;24;24;24;24;24;24;24;24;24;24;24;24;24;24;25;25;25;25;25;25;25;25;25;25;25;25;25;25;25;25;25;26;26;26;26;26;26;26;26;26;26;27;27;27;27;27;27;27;27;27;27;28;28;28;28;28;28;28;28;28;28;28;28;28;29;29;29;29;29;29;29;29;29;30;30;30;30;30;30;30;30;30;31;31;31;31;31;31;32;32;32;32;32;32;33;33;33;33;33;34;34;35;35;35;36;36;36;36;37;37;37;37;37;38;38;38;38;38;39;39;39;39;40;40;41;42;42;43;44;44;46;47;48;49;49;50;50;53;54;55;56;57;57;60;62;69;69;70;78;96;104;115,10,115,16.814634146341465,509197,17.466336143148634,run_summary.json:information_loss_metric,LogisticRegression(max_iter=1000),income,0.6616940162439914,0.4028530130858879,0.3675056519946479,0.8244654400795625,-0.16277142383557108,train_fitted_holdout_transform_mondrian_nearest_class_projection
12,Adult,Mondrian,2,income|race,age|workclass|education.num|marital.status|occupation|sex|native.country,3,10,24129,6033,1464,10;10;10;10;10;10;10;10;10;10;10;10;10;10;10;10;10;10;10;10;10;10;10;10;10;10;10;10;10;10;10;10;10;10;10;10;10;10;10;10;10;10;10;10;10;10;10;10;10;10;10;10;10;10;10;10;10;10;10;10;10;10;10;10;10;10;10;10;10;10;10;10;10;10;10;10;10;10;10;10;10;10;10;10;10;10;10;10;10;10;10;10;10;10;10;10;10;10;10;10;10;10;10;10;10;10;10;10;10;10;10;10;10;10;10;10;10;10;10;10;10;10;10;10;10;10;10;10;10;10;10;10;10;10;10;10;10;10;10;10;10;10;10;10;10;10;10;10;10;10;10;10;10;10;10;10;10;10;10;10;10;10;10;10;10;11;11;11;11;11;11;11;11;11;11;11;11;11;11;11;11;11;11;11;11;11;11;11;11;11;11;11;11;11;11;11;11;11;11;11;11;11;11;11;11;11;11;11;11;11;11;11;11;11;11;11;11;11;11;11;11;11;11;11;11;11;11;11;11;11;11;11;11;11;11;11;11;11;11;11;11;11;11;11;11;11;11;11;11;11;11;11;11;11;11;11;11;11;11;11;11;11;11;11;11;11;11;11;11;11;11;11;11;11;11;11;11;11;11;11;11;11;11;11;11;11;11;11;11;11;11;11;11;11;11;11;11;11;11;11;11;11;11;11;11;11;11;11;11;11;11;11;11;11;11;11;11;11;11;11;11;11;11;11;11;11;11;11;11;11;11;11;11;11;11;11;11;11;11;11;11;11;11;11;11;11;11;11;11;11;11;11;11;11;11;11;11;11;11;11;11;11;11;11;11;11;11;11;12;12;12;12;12;12;12;12;12;12;12;12;12;12;12;12;12;12;12;12;12;12;12;12;12;12;12;12;12;12;12;12;12;12;12;12;12;12;12;12;12;12;12;12;12;12;12;12;12;12;12;12;12;12;12;12;12;12;12;12;12;12;12;12;12;12;12;12;12;12;12;12;12;12;12;12;12;12;12;12;12;12;12;12;12;12;12;12;12;12;12;12;12;12;12;12;12;12;12;12;12;12;12;12;12;12;12;12;12;12;12;12;12;12;12;12;12;12;12;12;12;12;12;12;12;12;12;12;12;12;12;12;13;13;13;13;13;13;13;13;13;13;13;13;13;13;13;13;13;13;13;13;13;13;13;13;13;13;13;13;13;13;13;13;13;13;13;13;13;13;13;13;13;13;13;13;13;13;13;13;13;13;13;13;13;13;13;13;13;13;13;13;13;13;13;13;13;13;13;13;13;13;13;13;13;13;13;13;13;13;13;13;13;13;13;13;13;13;13;13;13;13;13;13;13;13;13;13;13;13;13;13;13;13;13;13;13;13;13;13;13;13;13;13;13;13;13;13;13;13;14;14;14;14;14;14;14;14;14;14;14;14;14;14;14;14;14;14;14;14;14;14;14;14;14;14;14;14;14;14;14;14;14;14;14;14;14;14;14;14;14;14;14;14;14;14;14;14;14;14;14;14;14;14;14;14;14;14;14;14;14;14;14;14;14;14;14;14;14;14;14;14;14;14;14;14;14;14;14;14;14;14;14;14;14;14;14;14;14;14;14;14;14;14;14;14;14;14;14;14;14;14;14;14;14;14;14;14;14;14;14;15;15;15;15;15;15;15;15;15;15;15;15;15;15;15;15;15;15;15;15;15;15;15;15;15;15;15;15;15;15;15;15;15;15;15;15;15;15;15;15;15;15;15;15;15;15;15;15;15;15;15;15;15;15;15;15;15;15;15;15;15;15;15;15;15;15;15;15;15;15;15;15;15;15;15;15;15;15;15;16;16;16;16;16;16;16;16;16;16;16;16;16;16;16;16;16;16;16;16;16;16;16;16;16;16;16;16;16;16;16;16;16;16;16;16;16;16;16;16;16;16;16;16;16;16;16;16;16;16;16;16;16;16;16;16;16;16;16;16;16;16;16;16;16;16;16;16;16;16;16;16;16;16;16;16;16;16;16;16;16;16;16;16;16;16;16;16;16;16;16;16;16;16;16;16;16;16;16;16;16;16;16;16;16;16;16;16;16;16;16;16;16;16;16;16;16;16;16;16;16;16;16;16;16;16;16;17;17;17;17;17;17;17;17;17;17;17;17;17;17;17;17;17;17;17;17;17;17;17;17;17;17;17;17;17;17;17;17;17;17;17;17;17;17;17;17;17;17;17;17;17;17;17;17;17;17;17;17;17;17;17;17;17;17;17;17;17;17;17;17;17;17;17;17;17;17;17;17;17;17;17;17;17;17;17;17;17;17;17;17;17;17;17;17;18;18;18;18;18;18;18;18;18;18;18;18;18;18;18;18;18;18;18;18;18;18;18;18;18;18;18;18;18;18;18;18;18;18;18;18;18;18;18;18;18;18;18;18;18;18;18;18;18;18;18;18;18;18;18;18;18;18;18;18;18;18;18;18;18;18;18;18;18;18;18;18;18;18;18;18;18;18;18;18;18;18;18;18;18;18;18;18;18;19;19;19;19;19;19;19;19;19;19;19;19;19;19;19;19;19;19;19;19;19;19;19;19;19;19;19;19;19;19;19;19;19;19;19;19;19;19;19;19;19;19;19;19;19;19;19;19;19;19;19;19;19;19;19;19;19;19;19;19;19;19;19;19;19;19;19;20;20;20;20;20;20;20;20;20;20;20;20;20;20;20;20;20;20;20;20;20;20;20;20;20;20;20;20;20;20;20;20;20;21;21;21;21;21;21;21;21;21;21;21;21;21;21;21;21;21;21;21;21;21;21;21;21;21;21;21;21;21;21;21;21;22;22;22;22;22;22;22;22;22;22;22;22;22;22;22;22;22;22;22;22;22;22;22;22;22;22;22;22;22;23;23;23;23;23;23;23;23;23;23;23;23;23;23;23;23;23;23;23;23;23;23;23;23;23;24;24;24;24;24;24;24;24;24;24;24;24;24;25;25;25;25;25;25;25;25;25;25;25;25;25;25;25;25;25;26;26;26;26;26;26;26;26;26;26;26;26;26;26;26;26;26;26;27;27;27;27;27;27;28;28;28;28;28;28;28;28;28;28;28;28;28;28;28;29;29;29;29;29;29;29;29;29;29;30;30;30;30;30;30;30;30;30;30;30;30;30;30;30;31;31;31;31;31;31;31;32;32;32;32;32;32;32;32;33;33;33;34;34;34;35;35;36;36;36;36;36;36;37;37;37;37;38;38;38;38;38;38;39;39;39;39;39;39;40;40;40;42;42;42;43;44;44;44;45;45;46;47;49;50;50;50;52;52;53;54;56;57;60;63;94,10,94,16.48155737704918,478503,17.703558993164215,run_summary.json:information_loss_metric,LogisticRegression(max_iter=1000),income,0.6774407425824631,0.40777897632209126,0.38955541070671307,0.8206530747555113,-0.14321233217304818,train_fitted_holdout_transform_mondrian_nearest_class_projection
13,Adult,ARX,2,income|race,age|workclass|education.num|marital.status|occupation|sex|native.country,1,10,24129,6033,32,13;26;31;55;63;65;82;95;97;107;177;184;208;245;271;284;324;339;350;368;397;465;493;563;676;892;1209;1998;2494;2849;3291;5418,13,5418,754.03125,63012443,,not_persisted_in_main_run,LogisticRegression(max_iter=1000),income,0.7760649759655229,0.6663082978604851,0.7511062275238988,0.8223106248964032,-0.046245648930880234,train_fitted_holdout_transform_arx_nearest_class_projection
14,Adult,ARX,2,income|race,age|workclass|education.num|marital.status|occupation|sex|native.country,2,10,24129,6033,14,139;195;295;390;584;623;684;717;732;1194;1654;3710;4481;8731,139,8731,1723.5,116778599,,not_persisted_in_main_run,LogisticRegression(max_iter=1000),income,0.7510359688380573,0.42890950397576677,0.6134633701081557,0.8244654400795625,-0.07342947124150512,train_fitted_holdout_transform_arx_nearest_class_projection
15,Adult,ARX,2,income|race,age|workclass|education.num|marital.status|occupation|sex|native.country,3,10,24129,6033,32,11;25;32;56;66;74;83;95;99;108;174;186;212;247;263;286;327;351;360;369;419;465;488;543;692;884;1201;2018;2467;2826;3362;5340,11,5340,754.03125,62460631,,not_persisted_in_main_run,LogisticRegression(max_iter=1000),income,0.7807061163600199,0.6724810130789557,0.7577604906104742,0.8206530747555113,-0.03994695839549145,train_fitted_holdout_transform_arx_nearest_class_projection
16,Adult,KC-Slice,2,income|race,age|workclass|education.num|marital.status|occupation|sex|native.country,1,10,24129,6033,7,3447;3447;3447;3447;3447;3447;3447,3447,3447,3447.0,83172663,,not_persisted_in_main_run,LogisticRegression(max_iter=1000),income,0.7510359688380573,0.42890950397576677,0.5,0.8223106248964032,-0.07127465605834582,train_fitted_holdout_transform_kc_slice
17,Adult,KC-Slice,2,income|race,age|workclass|education.num|marital.status|occupation|sex|native.country,2,10,24129,6033,7,3447;3447;3447;3447;3447;3447;3447,3447,3447,3447.0,83172663,,not_persisted_in_main_run,LogisticRegression(max_iter=1000),income,0.7510359688380573,0.42890950397576677,0.5,0.8244654400795625,-0.07342947124150512,train_fitted_holdout_transform_kc_slice
18,Adult,KC-Slice,2,income|race,age|workclass|education.num|marital.status|occupation|sex|native.country,3,10,24129,6033,7,3447;3447;3447;3447;3447;3447;3447,3447,3447,3447.0,83172663,,not_persisted_in_main_run,LogisticRegression(max_iter=1000),income,0.7510359688380573,0.42890950397576677,0.5,0.8206530747555113,-0.06961710591745396,train_fitted_holdout_transform_kc_slice
19,Adult,Mondrian,3,income|race|native.country,age|workclass|education.num|marital.status|occupation|sex,1,10,24129,6033,1400,10;10;10;10;10;10;10;10;10;10;10;10;10;10;10;10;10;10;10;10;10;10;10;10;10;10;10;10;10;10;10;10;10;10;10;10;10;10;10;10;10;10;10;10;10;10;10;10;10;10;10;10;10;10;10;10;10;10;10;10;10;10;10;10;10;10;10;10;10;10;10;10;10;10;10;10;10;10;10;10;10;10;10;10;10;10;10;10;10;10;10;10;10;10;10;10;10;10;10;10;10;10;10;10;10;10;10;10;10;10;10;10;10;10;10;10;10;10;10;10;10;10;10;10;10;10;10;10;10;10;10;10;10;10;10;10;10;10;10;10;10;11;11;11;11;11;11;11;11;11;11;11;11;11;11;11;11;11;11;11;11;11;11;11;11;11;11;11;11;11;11;11;11;11;11;11;11;11;11;11;11;11;11;11;11;11;11;11;11;11;11;11;11;11;11;11;11;11;11;11;11;11;11;11;11;11;11;11;11;11;11;11;11;11;11;11;11;11;11;11;11;11;11;11;11;11;11;11;11;11;11;11;11;11;11;11;11;11;11;11;11;11;11;11;11;11;11;11;11;11;11;11;11;11;11;11;11;11;11;11;11;11;11;11;11;11;11;11;11;11;11;11;11;11;11;11;11;11;11;11;11;11;11;11;11;11;11;11;11;11;11;11;11;12;12;12;12;12;12;12;12;12;12;12;12;12;12;12;12;12;12;12;12;12;12;12;12;12;12;12;12;12;12;12;12;12;12;12;12;12;12;12;12;12;12;12;12;12;12;12;12;12;12;12;12;12;12;12;12;12;12;12;12;12;12;12;12;12;12;12;12;12;12;12;12;12;12;12;12;12;12;12;12;12;12;12;12;12;12;12;12;12;12;12;12;12;12;12;12;12;12;12;12;12;12;12;12;12;12;12;12;12;12;12;12;12;12;12;12;13;13;13;13;13;13;13;13;13;13;13;13;13;13;13;13;13;13;13;13;13;13;13;13;13;13;13;13;13;13;13;13;13;13;13;13;13;13;13;13;13;13;13;13;13;13;13;13;13;13;13;13;13;13;13;13;13;13;13;13;13;13;13;13;13;13;13;13;13;13;13;13;13;13;13;13;13;13;13;13;13;13;13;13;13;13;13;13;13;13;13;13;13;13;13;13;13;13;13;13;13;13;13;13;13;13;13;13;13;13;13;13;13;13;13;13;13;13;13;13;13;13;14;14;14;14;14;14;14;14;14;14;14;14;14;14;14;14;14;14;14;14;14;14;14;14;14;14;14;14;14;14;14;14;14;14;14;14;14;14;14;14;14;14;14;14;14;14;14;14;14;14;14;14;14;14;14;14;14;14;14;14;14;14;14;14;14;14;14;14;14;14;14;14;14;14;14;14;14;14;14;14;14;14;14;14;14;14;14;14;14;14;14;14;14;14;14;14;14;14;14;14;14;14;14;14;14;14;14;14;14;15;15;15;15;15;15;15;15;15;15;15;15;15;15;15;15;15;15;15;15;15;15;15;15;15;15;15;15;15;15;15;15;15;15;15;15;15;15;15;15;15;15;15;15;15;15;15;15;15;15;15;15;15;15;15;15;15;15;15;15;15;15;15;15;15;15;15;15;15;15;15;15;15;15;15;15;15;15;15;15;15;15;15;15;15;15;15;15;15;15;15;15;15;15;15;15;15;15;15;15;15;15;15;15;15;16;16;16;16;16;16;16;16;16;16;16;16;16;16;16;16;16;16;16;16;16;16;16;16;16;16;16;16;16;16;16;16;16;16;16;16;16;16;16;16;16;16;16;16;16;16;16;16;16;16;16;16;16;16;16;16;16;16;16;16;16;16;16;16;16;16;16;16;16;16;16;16;16;16;16;16;16;16;16;16;16;16;16;16;16;16;16;16;16;16;16;16;16;16;16;16;17;17;17;17;17;17;17;17;17;17;17;17;17;17;17;17;17;17;17;17;17;17;17;17;17;17;17;17;17;17;17;17;17;17;17;17;17;17;17;17;17;17;17;17;17;17;17;17;17;17;17;17;17;17;17;17;17;17;17;17;17;17;17;17;17;17;17;17;17;17;17;17;17;17;17;17;17;17;17;17;17;17;17;17;17;17;17;17;17;17;17;17;17;17;17;17;18;18;18;18;18;18;18;18;18;18;18;18;18;18;18;18;18;18;18;18;18;18;18;18;18;18;18;18;18;18;18;18;18;18;18;18;18;18;18;18;18;18;18;18;18;18;18;18;18;18;18;18;18;18;18;18;18;18;18;18;18;18;18;18;18;18;18;18;18;18;18;18;18;18;18;18;18;18;19;19;19;19;19;19;19;19;19;19;19;19;19;19;19;19;19;19;19;19;19;19;19;19;19;19;19;19;19;19;19;19;19;19;19;19;19;19;19;19;19;19;19;19;19;19;19;19;19;19;19;19;19;19;19;19;19;19;19;19;19;19;20;20;20;20;20;20;20;20;20;20;20;20;20;20;20;20;20;20;20;20;20;20;20;20;20;20;20;20;20;20;20;20;20;20;20;20;20;20;20;20;20;20;20;20;20;20;20;20;20;20;20;20;20;20;20;20;20;20;20;20;21;21;21;21;21;21;21;21;21;21;21;21;21;21;21;21;21;21;21;21;21;21;21;21;21;22;22;22;22;22;22;22;22;22;22;22;22;22;22;22;22;22;22;22;22;22;22;22;22;22;22;22;22;22;22;22;22;22;23;23;23;23;23;23;23;23;23;23;23;23;23;23;23;23;23;23;23;23;24;24;24;24;24;24;24;24;24;24;24;24;24;24;24;24;24;24;24;24;24;24;24;24;24;24;24;24;25;25;25;25;25;25;25;25;25;25;25;25;25;25;25;25;25;25;25;25;25;25;26;26;26;26;26;26;26;26;26;26;26;26;26;27;27;27;27;27;27;27;27;27;28;28;28;28;28;28;29;29;29;29;29;29;29;29;29;29;29;29;29;30;30;30;30;30;30;30;30;30;30;30;30;31;31;31;31;31;31;31;32;32;32;33;33;33;33;34;34;34;34;35;35;35;35;35;35;35;35;36;36;36;36;36;37;37;38;38;38;38;38;38;39;39;39;39;39;39;39;40;41;41;42;43;43;44;45;45;46;46;47;47;48;48;48;49;51;52;52;53;54;54;55;57;57;61;62;64;64;65;67;67;79;84;122,10,122,17.235,522813,19.191206556217214,run_summary.json:information_loss_metric,LogisticRegression(max_iter=1000),income,0.6762804574838389,0.4054044465796541,0.37522088550512067,0.8216476048400464,-0.14536714735620748,train_fitted_holdout_transform_mondrian_nearest_class_projection
20,Adult,Mondrian,3,income|race|native.country,age|workclass|education.num|marital.status|occupation|sex,2,10,24129,6033,1404,10;10;10;10;10;10;10;10;10;10;10;10;10;10;10;10;10;10;10;10;10;10;10;10;10;10;10;10;10;10;10;10;10;10;10;10;10;10;10;10;10;10;10;10;10;10;10;10;10;10;10;10;10;10;10;10;10;10;10;10;10;10;10;10;10;10;10;10;10;10;10;10;10;10;10;10;10;10;10;10;10;10;10;10;10;10;10;10;10;10;10;10;10;10;10;10;10;10;10;10;10;10;10;10;10;10;10;10;10;10;10;10;10;10;10;10;10;10;10;10;10;10;10;10;10;10;10;10;10;10;10;10;10;10;10;10;10;10;10;10;10;10;10;10;10;10;10;10;10;10;10;10;10;10;10;10;10;10;11;11;11;11;11;11;11;11;11;11;11;11;11;11;11;11;11;11;11;11;11;11;11;11;11;11;11;11;11;11;11;11;11;11;11;11;11;11;11;11;11;11;11;11;11;11;11;11;11;11;11;11;11;11;11;11;11;11;11;11;11;11;11;11;11;11;11;11;11;11;11;11;11;11;11;11;11;11;11;11;11;11;11;11;11;11;11;11;11;11;11;11;11;11;11;11;11;11;11;11;11;11;11;11;11;11;11;11;11;11;11;11;11;11;11;11;11;11;11;11;11;11;11;11;11;11;11;11;11;11;11;11;11;11;11;11;11;11;11;11;11;11;11;11;12;12;12;12;12;12;12;12;12;12;12;12;12;12;12;12;12;12;12;12;12;12;12;12;12;12;12;12;12;12;12;12;12;12;12;12;12;12;12;12;12;12;12;12;12;12;12;12;12;12;12;12;12;12;12;12;12;12;12;12;12;12;12;12;12;12;12;12;12;12;12;12;12;12;12;12;12;12;12;12;12;12;12;12;12;12;12;12;12;12;12;12;12;12;12;12;12;12;12;12;12;12;12;12;12;12;12;12;12;12;12;12;12;12;12;12;12;12;12;12;12;12;12;12;12;12;13;13;13;13;13;13;13;13;13;13;13;13;13;13;13;13;13;13;13;13;13;13;13;13;13;13;13;13;13;13;13;13;13;13;13;13;13;13;13;13;13;13;13;13;13;13;13;13;13;13;13;13;13;13;13;13;13;13;13;13;13;13;13;13;13;13;13;13;13;13;13;13;13;13;13;13;13;13;13;13;13;13;13;13;13;13;13;13;13;13;13;13;13;13;13;13;13;13;13;13;13;13;13;13;13;13;13;13;13;13;13;13;14;14;14;14;14;14;14;14;14;14;14;14;14;14;14;14;14;14;14;14;14;14;14;14;14;14;14;14;14;14;14;14;14;14;14;14;14;14;14;14;14;14;14;14;14;14;14;14;14;14;14;14;14;14;14;14;14;14;14;14;14;14;14;14;14;14;14;14;14;14;14;14;14;14;14;14;14;14;14;14;14;14;14;14;14;14;14;14;14;14;14;14;14;14;14;14;14;14;14;14;14;14;14;14;14;14;14;14;14;14;14;14;14;14;14;14;14;14;14;14;14;14;14;14;14;14;14;15;15;15;15;15;15;15;15;15;15;15;15;15;15;15;15;15;15;15;15;15;15;15;15;15;15;15;15;15;15;15;15;15;15;15;15;15;15;15;15;15;15;15;15;15;15;15;15;15;15;15;15;15;15;15;15;15;15;15;15;15;15;15;15;15;15;15;15;15;15;15;15;15;15;15;15;15;15;15;15;15;15;15;15;15;15;15;15;15;15;15;15;15;15;15;15;16;16;16;16;16;16;16;16;16;16;16;16;16;16;16;16;16;16;16;16;16;16;16;16;16;16;16;16;16;16;16;16;16;16;16;16;16;16;16;16;16;16;16;16;16;16;16;16;16;16;16;16;16;16;16;16;16;16;16;16;16;16;16;16;16;16;16;16;16;16;16;16;16;16;16;16;16;16;16;16;16;16;16;16;16;16;16;16;16;16;16;16;16;16;17;17;17;17;17;17;17;17;17;17;17;17;17;17;17;17;17;17;17;17;17;17;17;17;17;17;17;17;17;17;17;17;17;17;17;17;17;17;17;17;17;17;17;17;17;17;17;17;17;17;17;17;17;17;17;17;17;17;17;17;17;17;17;17;17;17;17;17;17;17;17;17;17;17;17;17;17;17;17;17;17;17;17;17;17;17;17;17;18;18;18;18;18;18;18;18;18;18;18;18;18;18;18;18;18;18;18;18;18;18;18;18;18;18;18;18;18;18;18;18;18;18;18;18;18;18;18;18;18;18;18;18;18;18;18;18;18;18;18;18;18;18;18;18;18;18;18;18;18;18;18;18;18;18;18;18;18;18;18;18;18;18;18;19;19;19;19;19;19;19;19;19;19;19;19;19;19;19;19;19;19;19;19;19;19;19;19;19;19;19;19;19;19;19;19;19;19;19;19;19;19;19;19;19;19;19;19;19;19;19;19;19;19;19;19;19;19;19;19;19;19;19;19;19;19;19;19;19;19;19;19;19;19;19;19;19;19;20;20;20;20;20;20;20;20;20;20;20;20;20;20;20;20;20;20;20;20;20;20;20;20;20;20;20;20;20;20;20;20;20;20;20;20;20;20;20;20;20;20;20;20;20;20;20;20;20;20;20;21;21;21;21;21;21;21;21;21;21;21;21;21;21;21;21;21;21;21;21;21;21;21;21;21;21;21;21;21;21;21;21;21;21;21;21;21;21;22;22;22;22;22;22;22;22;22;22;22;22;22;22;22;22;22;22;22;22;22;22;22;22;23;23;23;23;23;23;23;23;23;23;23;23;23;23;23;23;23;23;23;23;24;24;24;24;24;24;24;24;24;24;24;24;24;24;24;24;24;24;25;25;25;25;25;25;25;25;25;25;25;26;26;26;26;26;26;26;26;26;26;26;26;26;26;26;27;27;27;27;27;27;27;27;27;27;27;27;27;28;28;28;28;28;28;28;28;28;28;28;28;28;29;29;29;29;29;29;29;29;30;30;30;30;30;30;30;30;30;30;30;31;31;31;31;31;31;31;31;31;31;32;32;32;32;32;32;32;32;32;32;32;32;32;32;32;33;33;33;33;34;34;34;34;34;34;34;35;36;36;37;37;37;37;38;38;38;38;38;39;39;40;40;40;40;42;42;42;42;44;44;44;44;45;45;46;46;48;49;49;51;52;52;53;53;54;54;54;55;56;66;71;74;75;78;82;104;120;124,10,124,17.185897435897434,536327,19.314658615301223,run_summary.json:information_loss_metric,LogisticRegression(max_iter=1000),income,0.6684899718216476,0.40493756825513055,0.3689194955537838,0.8239681750372949,-0.15547820321564731,train_fitted_holdout_transform_mondrian_nearest_class_projection
21,Adult,Mondrian,3,income|race|native.country,age|workclass|education.num|marital.status|occupation|sex,3,10,24129,6033,1391,10;10;10;10;10;10;10;10;10;10;10;10;10;10;10;10;10;10;10;10;10;10;10;10;10;10;10;10;10;10;10;10;10;10;10;10;10;10;10;10;10;10;10;10;10;10;10;10;10;10;10;10;10;10;10;10;10;10;10;10;10;10;10;10;10;10;10;10;10;10;10;10;10;10;10;10;10;10;10;10;10;10;10;10;10;10;10;10;10;10;10;10;10;10;10;10;10;10;10;10;10;10;10;10;10;10;10;10;10;10;10;10;10;10;10;10;10;10;10;10;10;10;10;10;11;11;11;11;11;11;11;11;11;11;11;11;11;11;11;11;11;11;11;11;11;11;11;11;11;11;11;11;11;11;11;11;11;11;11;11;11;11;11;11;11;11;11;11;11;11;11;11;11;11;11;11;11;11;11;11;11;11;11;11;11;11;11;11;11;11;11;11;11;11;11;11;11;11;11;11;11;11;11;11;11;11;11;11;11;11;11;11;11;11;11;11;11;11;11;11;11;11;11;11;11;11;11;11;11;11;11;11;11;11;11;11;11;11;11;11;11;11;11;11;11;11;11;11;11;11;11;11;11;11;11;11;11;11;11;11;11;11;11;11;11;11;11;11;11;11;11;11;11;11;11;11;11;11;11;11;11;11;11;11;11;11;11;11;12;12;12;12;12;12;12;12;12;12;12;12;12;12;12;12;12;12;12;12;12;12;12;12;12;12;12;12;12;12;12;12;12;12;12;12;12;12;12;12;12;12;12;12;12;12;12;12;12;12;12;12;12;12;12;12;12;12;12;12;12;12;12;12;12;12;12;12;12;12;12;12;12;12;12;12;12;12;12;12;12;12;12;12;12;12;12;12;12;12;12;12;12;12;12;12;12;12;12;12;12;12;12;12;12;12;12;12;12;12;12;12;12;12;12;12;12;12;12;12;12;12;12;12;12;12;12;12;12;12;12;12;12;12;12;12;12;12;12;12;12;12;13;13;13;13;13;13;13;13;13;13;13;13;13;13;13;13;13;13;13;13;13;13;13;13;13;13;13;13;13;13;13;13;13;13;13;13;13;13;13;13;13;13;13;13;13;13;13;13;13;13;13;13;13;13;13;13;13;13;13;13;13;13;13;13;13;13;13;13;13;13;13;13;13;13;13;13;13;13;13;13;13;13;13;13;13;13;13;13;13;13;13;13;13;13;13;13;13;13;13;13;13;13;13;13;13;13;13;13;13;13;13;13;13;13;13;13;13;13;13;13;13;13;13;13;14;14;14;14;14;14;14;14;14;14;14;14;14;14;14;14;14;14;14;14;14;14;14;14;14;14;14;14;14;14;14;14;14;14;14;14;14;14;14;14;14;14;14;14;14;14;14;14;14;14;14;14;14;14;14;14;14;14;14;14;14;14;14;14;14;14;14;14;14;14;14;14;14;14;14;14;14;14;14;14;14;14;14;14;14;14;14;14;14;14;14;14;14;14;14;14;14;14;14;14;14;14;14;14;14;14;14;14;14;15;15;15;15;15;15;15;15;15;15;15;15;15;15;15;15;15;15;15;15;15;15;15;15;15;15;15;15;15;15;15;15;15;15;15;15;15;15;15;15;15;15;15;15;15;15;15;15;15;15;15;15;15;15;15;15;15;15;15;15;15;15;15;15;15;15;15;15;15;15;15;15;15;15;15;15;15;15;15;15;15;15;15;15;15;15;15;15;15;15;15;15;15;15;15;15;15;15;15;16;16;16;16;16;16;16;16;16;16;16;16;16;16;16;16;16;16;16;16;16;16;16;16;16;16;16;16;16;16;16;16;16;16;16;16;16;16;16;16;16;16;16;16;16;16;16;16;16;16;16;16;16;16;16;16;16;16;16;16;16;16;16;16;16;16;16;16;16;16;16;16;16;16;16;16;16;16;16;16;16;16;16;17;17;17;17;17;17;17;17;17;17;17;17;17;17;17;17;17;17;17;17;17;17;17;17;17;17;17;17;17;17;17;17;17;17;17;17;17;17;17;17;17;17;17;17;17;17;17;17;17;17;17;17;17;17;17;17;17;17;17;17;17;17;17;17;17;17;17;17;17;17;17;17;17;17;17;17;17;17;17;17;17;17;17;17;17;17;17;17;17;17;17;17;17;17;18;18;18;18;18;18;18;18;18;18;18;18;18;18;18;18;18;18;18;18;18;18;18;18;18;18;18;18;18;18;18;18;18;18;18;18;18;18;18;18;18;18;18;18;18;18;18;18;18;18;18;18;18;18;18;18;18;18;18;18;18;18;18;18;18;18;18;18;18;18;18;18;18;18;18;18;18;18;19;19;19;19;19;19;19;19;19;19;19;19;19;19;19;19;19;19;19;19;19;19;19;19;19;19;19;19;19;19;19;19;19;19;19;19;19;19;19;19;19;19;19;19;19;19;19;19;19;19;19;19;19;19;19;19;19;19;19;19;19;19;19;19;19;19;20;20;20;20;20;20;20;20;20;20;20;20;20;20;20;20;20;20;20;20;20;20;20;20;20;20;20;20;20;20;20;20;20;20;20;20;20;20;20;20;20;20;20;20;21;21;21;21;21;21;21;21;21;21;21;21;21;21;21;21;21;21;21;21;21;21;21;21;21;21;21;21;21;22;22;22;22;22;22;22;22;22;22;22;22;22;22;22;22;22;22;22;22;22;22;22;22;22;23;23;23;23;23;23;23;23;23;23;23;23;23;23;23;23;23;23;24;24;24;24;24;24;24;24;24;24;24;24;24;24;24;24;24;25;25;25;25;25;25;25;25;25;25;25;25;25;25;25;25;25;25;25;25;25;25;25;25;26;26;26;26;26;26;26;26;26;26;26;26;26;26;26;26;26;26;27;27;27;27;27;27;27;27;28;28;28;28;28;28;28;28;29;29;29;29;29;29;29;29;29;30;30;30;30;30;30;30;30;30;30;31;31;31;31;31;31;32;32;32;32;32;32;32;32;32;33;33;33;33;33;33;33;33;33;34;34;34;34;34;34;34;34;34;34;35;35;35;35;35;35;35;36;36;36;36;38;38;38;39;40;40;40;40;41;41;41;42;42;42;43;43;44;44;44;45;46;46;47;47;47;48;49;50;50;50;51;51;52;52;53;53;54;54;55;55;56;56;57;58;59;59;59;61;61;66;80;114;123,10,123,17.346513299784327,537489,19.86319032410333,run_summary.json:information_loss_metric,LogisticRegression(max_iter=1000),income,0.6787667826951765,0.4092425906441282,0.39950697679339336,0.8189955246146196,-0.140228741919443,train_fitted_holdout_transform_mondrian_nearest_class_projection
22,Adult,ARX,3,income|race|native.country,age|workclass|education.num|marital.status|occupation|sex,1,10,24129,6033,32,13;26;31;55;63;65;82;95;97;107;177;184;208;245;271;284;324;339;350;368;397;465;493;563;676;892;1209;1998;2494;2849;3291;5418,13,5418,754.03125,63012443,,not_persisted_in_main_run,LogisticRegression(max_iter=1000),income,0.7757334659373446,0.6640968815385461,0.7511062275238988,0.8216476048400464,-0.045914138902701795,train_fitted_holdout_transform_arx_nearest_class_projection
23,Adult,ARX,3,income|race|native.country,age|workclass|education.num|marital.status|occupation|sex,2,10,24129,6033,14,139;195;295;390;584;623;684;717;732;1194;1654;3710;4481;8731,139,8731,1723.5,116778599,,not_persisted_in_main_run,LogisticRegression(max_iter=1000),income,0.7510359688380573,0.42890950397576677,0.6134633701081557,0.8239681750372949,-0.07293220619923757,train_fitted_holdout_transform_arx_nearest_class_projection
24,Adult,ARX,3,income|race|native.country,age|workclass|education.num|marital.status|occupation|sex,3,10,24129,6033,32,11;25;32;56;66;74;83;95;99;108;174;186;212;247;263;286;327;351;360;369;419;465;488;543;692;884;1201;2018;2467;2826;3362;5340,11,5340,754.03125,62460631,,not_persisted_in_main_run,LogisticRegression(max_iter=1000),income,0.7812033814022874,0.6746098289278202,0.7570525402604518,0.8189955246146196,-0.03779214321233215,train_fitted_holdout_transform_arx_nearest_class_projection
25,Adult,KC-Slice,3,income|race|native.country,age|workclass|education.num|marital.status|occupation|sex,1,10,24129,6033,48,502;502;502;502;502;502;502;502;502;502;502;502;502;502;502;503;503;503;503;503;503;503;503;503;503;503;503;503;503;503;503;503;503;503;503;503;503;503;503;503;503;503;503;503;503;503;503;503,502,503,502.6875,12129357,,not_persisted_in_main_run,LogisticRegression(max_iter=1000),income,0.7512017238521466,0.43476727545711713,0.5209061353052106,0.8216476048400464,-0.07044588098789983,train_fitted_holdout_transform_kc_slice
26,Adult,KC-Slice,3,income|race|native.country,age|workclass|education.num|marital.status|occupation|sex,2,10,24129,6033,48,502;502;502;502;502;502;502;502;502;502;502;502;502;502;502;503;503;503;503;503;503;503;503;503;503;503;503;503;503;503;503;503;503;503;503;503;503;503;503;503;503;503;503;503;503;503;503;503,502,503,502.6875,12129357,,not_persisted_in_main_run,LogisticRegression(max_iter=1000),income,0.7500414387535222,0.43181106209745473,0.50522785627403,0.8239681750372949,-0.07392673628377266,train_fitted_holdout_transform_kc_slice
27,Adult,KC-Slice,3,income|race|native.country,age|workclass|education.num|marital.status|occupation|sex,3,10,24129,6033,48,502;502;502;502;502;502;502;502;502;502;502;502;502;502;502;503;503;503;503;503;503;503;503;503;503;503;503;503;503;503;503;503;503;503;503;503;503;503;503;503;503;503;503;503;503;503;503;503,502,503,502.6875,12129357,,not_persisted_in_main_run,LogisticRegression(max_iter=1000),income,0.7513674788662357,0.4322616182629885,0.5544303321312773,0.8189955246146196,-0.06762804574838388,train_fitted_holdout_transform_kc_slice
