run_id,dataset,sa_count,sensitive_attributes,qid_columns,method,seed,k
1,Adult,1,income,age|workclass|education.num|marital.status|occupation|race|sex|native.country,Mondrian,1,10
2,Adult,1,income,age|workclass|education.num|marital.status|occupation|race|sex|native.country,Mondrian,2,10
3,Adult,1,income,age|workclass|education.num|marital.status|occupation|race|sex|native.country,Mondrian,3,10
4,Adult,1,income,age|workclass|education.num|marital.status|occupation|race|sex|native.country,ARX,1,10
5,Adult,1,income,age|workclass|education.num|marital.status|occupation|race|sex|native.country,ARX,2,10
6,Adult,1,income,age|workclass|education.num|marital.status|occupation|race|sex|native.country,ARX,3,10
7,Adult,1,income,age|workclass|education.num|marital.status|occupation|race|sex|native.country,KC-Slice,1,10
8,Adult,1,income,age|workclass|education.num|marital.status|occupation|race|sex|native.country,KC-Slice,2,10
9,Adult,1,income,age|workclass|education.num|marital.status|occupation|race|sex|native.country,KC-Slice,3,10
10,Adult,2,income|race,age|workclass|education.num|marital.status|occupation|race|sex|native.country,Mondrian,1,10
11,Adult,2,income|race,age|workclass|education.num|marital.status|occupation|race|sex|native.country,Mondrian,2,10
12,Adult,2,income|race,age|workclass|education.num|marital.status|occupation|race|sex|native.country,Mondrian,3,10
13,Adult,2,income|race,age|workclass|education.num|marital.status|occupation|race|sex|native.country,ARX,1,10
14,Adult,2,income|race,age|workclass|education.num|marital.status|occupation|race|sex|native.country,ARX,2,10
15,Adult,2,income|race,age|workclass|education.num|marital.status|occupation|race|sex|native.country,ARX,3,10
16,Adult,2,income|race,age|workclass|education.num|marital.status|occupation|race|sex|native.country,KC-Slice,1,10
17,Adult,2,income|race,age|workclass|education.num|marital.status|occupation|race|sex|native.country,KC-Slice,2,10
18,Adult,2,income|race,age|workclass|education.num|marital.status|occupation|race|sex|native.country,KC-Slice,3,10
19,Adult,3,income|race|native.country,age|workclass|education.num|marital.status|occupation|race|sex|native.country,Mondrian,1,10
20,Adult,3,income|race|native.country,age|workclass|education.num|marital.status|occupation|race|sex|native.country,Mondrian,2,10
21,Adult,3,income|race|native.country,age|workclass|education.num|marital.status|occupation|race|sex|native.country,Mondrian,3,10
22,Adult,3,income|race|native.country,age|workclass|education.num|marital.status|occupation|race|sex|native.country,ARX,1,10
23,Adult,3,income|race|native.country,age|workclass|education.num|marital.status|occupation|race|sex|native.country,ARX,2,10
24,Adult,3,income|race|native.country,age|workclass|education.num|marital.status|occupation|race|sex|native.country,ARX,3,10
25,Adult,3,income|race|native.country,age|workclass|education.num|marital.status|occupation|race|sex|native.country,KC-Slice,1,10
26,Adult,3,income|race|native.country,age|workclass|education.num|marital.status|occupation|race|sex|native.country,KC-Slice,2,10
27,Adult,3,income|race|native.country,age|workclass|education.num|marital.status|occupation|race|sex|native.country,KC-Slice,3,10
28,Diabetes,1,diag_1,race|gender|age,Mondrian,1,10
29,Diabetes,1,diag_1,race|gender|age,Mondrian,2,10
30,Diabetes,1,diag_1,race|gender|age,Mondrian,3,10
31,Diabetes,1,diag_1,race|gender|age,ARX,1,10
32,Diabetes,1,diag_1,race|gender|age,ARX,2,10
33,Diabetes,1,diag_1,race|gender|age,ARX,3,10
34,Diabetes,1,diag_1,race|gender|age,KC-Slice,1,10
35,Diabetes,1,diag_1,race|gender|age,KC-Slice,2,10
36,Diabetes,1,diag_1,race|gender|age,KC-Slice,3,10
37,Diabetes,2,diag_1|diag_2,race|gender|age,Mondrian,1,10
38,Diabetes,2,diag_1|diag_2,race|gender|age,Mondrian,2,10
39,Diabetes,2,diag_1|diag_2,race|gender|age,Mondrian,3,10
40,Diabetes,2,diag_1|diag_2,race|gender|age,ARX,1,10
41,Diabetes,2,diag_1|diag_2,race|gender|age,ARX,2,10
42,Diabetes,2,diag_1|diag_2,race|gender|age,ARX,3,10
43,Diabetes,2,diag_1|diag_2,race|gender|age,KC-Slice,1,10
44,Diabetes,2,diag_1|diag_2,race|gender|age,KC-Slice,2,10
45,Diabetes,2,diag_1|diag_2,race|gender|age,KC-Slice,3,10
46,Diabetes,3,diag_1|diag_2|diag_3,race|gender|age,Mondrian,1,10
47,Diabetes,3,diag_1|diag_2|diag_3,race|gender|age,Mondrian,2,10
48,Diabetes,3,diag_1|diag_2|diag_3,race|gender|age,Mondrian,3,10
49,Diabetes,3,diag_1|diag_2|diag_3,race|gender|age,ARX,1,10
50,Diabetes,3,diag_1|diag_2|diag_3,race|gender|age,ARX,2,10
51,Diabetes,3,diag_1|diag_2|diag_3,race|gender|age,ARX,3,10
52,Diabetes,3,diag_1|diag_2|diag_3,race|gender|age,KC-Slice,1,10
53,Diabetes,3,diag_1|diag_2|diag_3,race|gender|age,KC-Slice,2,10
54,Diabetes,3,diag_1|diag_2|diag_3,race|gender|age,KC-Slice,3,10
