run_id,dataset,seed,sa_count,train_rows,sensitive_attributes,qid_columns,sa_cardinalities,b_sum_distinct_sa_values,k_average,base_bucket_size,remainder,bucket_count,min_bucket_size,max_bucket_size,normal_bucket_count,large_bucket_count
7,Adult,1,1,24129,income,age|workclass|education.num|marital.status|occupation|race|sex|native.country,income=2,2,12064.5,12064,1,2,12064,12065,1,1
8,Adult,2,1,24129,income,age|workclass|education.num|marital.status|occupation|race|sex|native.country,income=2,2,12064.5,12064,1,2,12064,12065,1,1
9,Adult,3,1,24129,income,age|workclass|education.num|marital.status|occupation|race|sex|native.country,income=2,2,12064.5,12064,1,2,12064,12065,1,1
16,Adult,1,2,24129,income|race,age|workclass|education.num|marital.status|occupation|sex|native.country,income=2|race=5,7,3447.0,3447,0,7,3447,3447,7,0
17,Adult,2,2,24129,income|race,age|workclass|education.num|marital.status|occupation|sex|native.country,income=2|race=5,7,3447.0,3447,0,7,3447,3447,7,0
18,Adult,3,2,24129,income|race,age|workclass|education.num|marital.status|occupation|sex|native.country,income=2|race=5,7,3447.0,3447,0,7,3447,3447,7,0
25,Adult,1,3,24129,income|race|native.country,age|workclass|education.num|marital.status|occupation|sex,income=2|race=5|native.country=41,48,502.6875,502,33,48,502,503,15,33
26,Adult,2,3,24129,income|race|native.country,age|workclass|education.num|marital.status|occupation|sex,income=2|race=5|native.country=41,48,502.6875,502,33,48,502,503,15,33
27,Adult,3,3,24129,income|race|native.country,age|workclass|education.num|marital.status|occupation|sex,income=2|race=5|native.country=41,48,502.6875,502,33,48,502,503,15,33
34,Diabetes,1,1,78442,diag_1,race|gender|age,diag_1=688,688,114.01453488372093,114,10,688,114,115,678,10
35,Diabetes,2,1,78442,diag_1,race|gender|age,diag_1=691,691,113.51953690303907,113,359,691,113,114,332,359
36,Diabetes,3,1,78442,diag_1,race|gender|age,diag_1=692,692,113.35549132947978,113,246,692,113,114,446,246
43,Diabetes,1,2,78442,diag_1|diag_2,race|gender|age,diag_1=688|diag_2=705,1393,56.311557788944725,56,434,1393,56,57,959,434
44,Diabetes,2,2,78442,diag_1|diag_2,race|gender|age,diag_1=691|diag_2=709,1400,56.03,56,42,1400,56,57,1358,42
45,Diabetes,3,2,78442,diag_1|diag_2,race|gender|age,diag_1=692|diag_2=712,1404,55.870370370370374,55,1222,1404,55,56,182,1222
52,Diabetes,1,3,78442,diag_1|diag_2|diag_3,race|gender|age,diag_1=688|diag_2=705|diag_3=764,2157,36.36624942049142,36,790,2157,36,37,1367,790
53,Diabetes,2,3,78442,diag_1|diag_2|diag_3,race|gender|age,diag_1=691|diag_2=709|diag_3=750,2150,36.4846511627907,36,1042,2150,36,37,1108,1042
54,Diabetes,3,3,78442,diag_1|diag_2|diag_3,race|gender|age,diag_1=692|diag_2=712|diag_3=752,2156,36.383116883116884,36,826,2156,36,37,1330,826
