bucket,bucket_id,SID,SA,cell,cell_record_count
1,0,011,income,">50K(863), <=50K(172), #####(2412)",3447
1,0,012,race,"White(172), Black(345), Asian-Pac-Islander(94), Other(28), Amer-Indian-Eskimo(30), #####(2778)",3447
2,1,021,income,"<=50K(172), >50K(840), #####(2435)",3447
2,1,022,race,"Black(329), White(172), #####(2771), Asian-Pac-Islander(109), Other(28), Amer-Indian-Eskimo(38)",3447
3,2,031,income,"<=50K(172), >50K(856), #####(2419)",3447
3,2,032,race,"Black(338), Amer-Indian-Eskimo(30), Asian-Pac-Islander(103), White(172), Other(22), #####(2782)",3447
4,3,041,income,"<=50K(172), >50K(867), #####(2408)",3447
4,3,042,race,"Black(311), Asian-Pac-Islander(97), White(172), Amer-Indian-Eskimo(35), #####(2803), Other(29)",3447
5,4,051,income,"<=50K(172), >50K(851), #####(2424)",3447
5,4,052,race,"Black(318), Asian-Pac-Islander(96), White(172), Amer-Indian-Eskimo(36), #####(2793), Other(32)",3447
6,5,061,income,"<=50K(172), >50K(860), #####(2415)",3447
6,5,062,race,"Black(332), Asian-Pac-Islander(93), White(172), Amer-Indian-Eskimo(32), Other(31), #####(2787)",3447
7,6,071,income,"<=50K(172), >50K(869), #####(2406)",3447
7,6,072,race,"Amer-Indian-Eskimo(30), Other(26), Black(314), White(172), #####(2800), Asian-Pac-Islander(105)",3447
