class_id,class_size,gen_age,gen_workclass,gen_education.num,gen_marital.status,gen_occupation,gen_sex,gen_native.country,grouping_method
0,18,17,0,5~6,2,2~3,0,0,Mondrian equivalence class
1,19,17,0,7,2,2~3,0,0,Mondrian equivalence class
2,25,18,0,4~7,2,0~3,0,0,Mondrian equivalence class
3,10,19~20,0,4~7,1~2,1~3,0,0,Mondrian equivalence class
4,13,17~20,0,8,1~2,3,0,0,Mondrian equivalence class
5,44,17~19,0,9,1~2,0~3,0,0,Mondrian equivalence class
6,17,20,0,9,2,1~3,0,0,Mondrian equivalence class
7,44,21~22,0,6~9,1~2,0~3,0,0,Mondrian equivalence class
8,26,23,0,1~9,1~2,0~3,0,0,Mondrian equivalence class
9,22,24,0,5~9,1~2,0~3,0,0,Mondrian equivalence class
10,21,25,0,7~9,1~2,0~3,0,0,Mondrian equivalence class
11,21,26~27,0,6~9,1~2,0~1,0,0,Mondrian equivalence class
12,11,28,0,6~9,1~2,0~1,0,0,Mondrian equivalence class
13,10,29,0,5~9,1~2,0~1,0,0,Mondrian equivalence class
14,12,26~27,0,6~9,1~2,3,0,0,Mondrian equivalence class
15,13,28,0,5~9,1~2,2~3,0,0,Mondrian equivalence class
16,16,29,0,6~9,1~2,2~3,0,0,Mondrian equivalence class
17,37,30~31,0,4~9,1~2,0~3,0,0,Mondrian equivalence class
18,13,32,0,4~9,1,1~3,0,0,Mondrian equivalence class
19,12,32,0,9,2,1~3,0,0,Mondrian equivalence class
20,38,33~35,0,4~9,0~1,0~3,0,0,Mondrian equivalence class
21,12,36~37,0,6~9,0~1,0~2,0,0,Mondrian equivalence class
22,12,36~37,0,6~9,0~1,3,0,0,Mondrian equivalence class
23,28,33~35,0,6~9,2,0~3,0,0,Mondrian equivalence class
24,17,36~37,0,4~9,2,0~3,0,0,Mondrian equivalence class
25,39,17,0,6~7,2,4~5,0,0,Mondrian equivalence class
26,25,18~20,0,5~7,1~2,5,0,0,Mondrian equivalence class
27,16,17~20,0,8,2,5,0,0,Mondrian equivalence class
28,22,17~18,0,9,2,5,0,0,Mondrian equivalence class
29,17,19,0,9,2,5,0,0,Mondrian equivalence class
30,15,20,0,9,1~2,5,0,0,Mondrian equivalence class
31,26,21~22,0,6~9,0~2,4~5,0,0,Mondrian equivalence class
32,13,23~24,0,7~9,1~2,4~5,0,0,Mondrian equivalence class
33,11,25~28,0,6~9,1,4~5,0,0,Mondrian equivalence class
34,12,25~28,0,8~9,2,4~5,0,0,Mondrian equivalence class
35,16,29~30,0,5~9,1~2,4~5,0,0,Mondrian equivalence class
36,16,31~32,0,6~9,1~2,4~5,0,0,Mondrian equivalence class
37,14,33~37,0,5~9,1,4~5,0,0,Mondrian equivalence class
38,14,33~37,0,2~9,2,4~5,0,0,Mondrian equivalence class
39,53,18~19,0,10,1~2,0~3,0,0,Mondrian equivalence class
40,54,20,0,10,1~2,0~3,0,0,Mondrian equivalence class
41,38,21,0,10,2,0~3,0,0,Mondrian equivalence class
42,18,22,0,10,1~2,0~3,0,0,Mondrian equivalence class
43,19,23~26,0,10,1~2,0~1,0,0,Mondrian equivalence class
44,15,27~29,0,10,1~2,0~1,0,0,Mondrian equivalence class
45,14,23~29,0,10,1~2,2,0,0,Mondrian equivalence class
46,22,30~37,0,10,0~1,0~2,0,0,Mondrian equivalence class
47,16,30~37,0,10,2,0~2,0,0,Mondrian equivalence class
48,19,23,0,10,1~2,3,0,0,Mondrian equivalence class
49,17,24~26,0,10,2,3,0,0,Mondrian equivalence class
50,19,27~30,0,10,1~2,3,0,0,Mondrian equivalence class
51,18,31~37,0,10,1~2,3,0,0,Mondrian equivalence class
52,45,18~19,0,10,2,5,0,0,Mondrian equivalence class
53,25,20,0,10,2,4~5,0,0,Mondrian equivalence class
54,29,21,0,10,2,5,0,0,Mondrian equivalence class
55,19,22,0,10,2,4~5,0,0,Mondrian equivalence class
56,13,23,0,10,1~2,5,0,0,Mondrian equivalence class
57,12,24~25,0,10,2,4~5,0,0,Mondrian equivalence class
58,20,26~30,0,10,1~2,5,0,0,Mondrian equivalence class
59,10,31~33,0,10,1~2,5,0,0,Mondrian equivalence class
60,11,34~36,0,10,1~2,5,0,0,Mondrian equivalence class
61,28,17,0,5~6,2,1~3,1,0,Mondrian equivalence class
62,18,17,0,7,2,1~3,1,0,Mondrian equivalence class
63,36,18~19,0,4~7,2,0~3,1,0,Mondrian equivalence class
64,18,17~18,0,8,2,1~3,1,0,Mondrian equivalence class
65,13,17~18,0,9,2,1~3,1,0,Mondrian equivalence class
66,30,19,0,8~9,2,1~3,1,0,Mondrian equivalence class
67,40,20,0,1~9,2,0~3,1,0,Mondrian equivalence class
68,16,21,0,4~9,2,1,1,0,Mondrian equivalence class
69,13,21,0,5~9,2,3,1,0,Mondrian equivalence class
70,22,22~23,0,4~9,2,0~2,1,0,Mondrian equivalence class
71,21,22~23,0,4~9,2,3,1,0,Mondrian equivalence class
72,16,24,0,9,1~2,0~1,1,0,Mondrian equivalence class
73,17,25,0,8~9,1~2,0~1,1,0,Mondrian equivalence class
74,12,26,0,7~9,1~2,0~1,1,0,Mondrian equivalence class
75,18,27~28,0,4~9,1~2,0~1,1,0,Mondrian equivalence class
76,19,29~30,0,4~9,1~2,0~1,1,0,Mondrian equivalence class
77,12,31~33,0,5~9,1,0~1,1,0,Mondrian equivalence class
78,12,31~33,0,5~9,2,0~1,1,0,Mondrian equivalence class
79,10,34,0,6~9,1~2,0~1,1,0,Mondrian equivalence class
80,18,35~37,0,4~9,1,0~1,1,0,Mondrian equivalence class
81,17,35~37,0,6~9,2,1,1,0,Mondrian equivalence class
82,19,24~25,0,7~9,1~2,3,1,0,Mondrian equivalence class
83,11,26,0,5~9,1~2,3,1,0,Mondrian equivalence class
84,23,27~29,0,5~9,1~2,2~3,1,0,Mondrian equivalence class
85,18,30~31,0,5~9,1~2,2~3,1,0,Mondrian equivalence class
86,16,32~33,0,6~9,1~2,2~3,1,0,Mondrian equivalence class
87,17,34~37,0,2~9,1~2,3,1,0,Mondrian equivalence class
88,38,17~20,0,4~7,2,4~5,1,0,Mondrian equivalence class
89,28,17~19,0,8~9,2,4~5,1,0,Mondrian equivalence class
90,11,20,0,9,2,4~5,1,0,Mondrian equivalence class
91,19,21~22,0,5~9,1~2,4,1,0,Mondrian equivalence class
92,16,21~22,0,5~9,1~2,5,1,0,Mondrian equivalence class
93,21,23,0,5~9,1~2,4~5,1,0,Mondrian equivalence class
94,12,24,0,4~9,2,4~5,1,0,Mondrian equivalence class
95,14,25~26,0,7~9,0~2,4,1,0,Mondrian equivalence class
96,10,27,0,6~9,1~2,4,1,0,Mondrian equivalence class
97,21,28~30,0,4~9,1~2,4,1,0,Mondrian equivalence class
98,16,25~27,0,6~9,1~2,5,1,0,Mondrian equivalence class
99,11,28~30,0,5~9,1~2,5,1,0,Mondrian equivalence class
100,12,31,0,4~9,1~2,4~5,1,0,Mondrian equivalence class
101,13,32~33,0,7~9,1~2,4~5,1,0,Mondrian equivalence class
102,11,34,0,7~9,1~2,4~5,1,0,Mondrian equivalence class
103,28,35~37,0,6~9,1~2,4~5,1,0,Mondrian equivalence class
104,39,18~19,0,10,1~2,0~3,1,0,Mondrian equivalence class
105,32,20,0,10,2,1~3,1,0,Mondrian equivalence class
106,28,21,0,10,2,0~3,1,0,Mondrian equivalence class
107,26,22~23,0,10,1~2,0~2,1,0,Mondrian equivalence class
108,13,22,0,10,2,3,1,0,Mondrian equivalence class
109,10,23,0,10,2,3,1,0,Mondrian equivalence class
110,13,24,0,10,2,0~2,1,0,Mondrian equivalence class
111,11,25~27,0,10,2,0~2,1,0,Mondrian equivalence class
112,16,28~30,0,10,1~2,0~2,1,0,Mondrian equivalence class
113,13,31~34,0,10,1~2,0~1,1,0,Mondrian equivalence class
114,12,35~37,0,10,1~2,0~1,1,0,Mondrian equivalence class
115,10,31~36,0,10,1~2,2,1,0,Mondrian equivalence class
116,24,24~27,0,10,1~2,3,1,0,Mondrian equivalence class
117,19,28~37,0,10,1~2,3,1,0,Mondrian equivalence class
118,42,18~20,0,10,2,4~5,1,0,Mondrian equivalence class
119,23,21,0,10,2,4~5,1,0,Mondrian equivalence class
120,20,22,0,10,2,4~5,1,0,Mondrian equivalence class
121,14,23,0,10,2,4~5,1,0,Mondrian equivalence class
122,24,24~26,0,10,2,4~5,1,0,Mondrian equivalence class
123,19,27~28,0,10,1~2,4~5,1,0,Mondrian equivalence class
124,12,29~31,0,10,1~2,4~5,1,0,Mondrian equivalence class
125,10,32~33,0,10,1~2,4~5,1,0,Mondrian equivalence class
126,14,34~37,0,10,1~2,4~5,1,0,Mondrian equivalence class
127,15,17~26,0,2~4,2,1~5,0~1,1~7,Mondrian equivalence class
128,16,27~37,0,1~4,0~2,1~5,0~1,1~8,Mondrian equivalence class
129,18,17~32,0,5~6,2,0~5,0~1,1~9,Mondrian equivalence class
130,16,17~26,0,7~9,1~2,0~3,0~1,1~9,Mondrian equivalence class
131,12,27~37,0,7~9,1~2,1~3,0~1,1~10,Mondrian equivalence class
132,10,17~37,0,7~9,1~2,4~5,0~1,1~10,Mondrian equivalence class
133,19,18~37,0,10,2,0~3,0~1,1~10,Mondrian equivalence class
134,13,19~33,0,10,1~2,5,0~1,1~10,Mondrian equivalence class
135,12,17~37,0,1~9,1~2,0~5,0~1,12~15,Mondrian equivalence class
136,13,17~35,0,7~9,2,0~5,0~1,18~23,Mondrian equivalence class
137,11,17~29,0,2~6,2,1~5,0~1,25~27,Mondrian equivalence class
138,12,19~34,0,7~9,1~2,1~5,0~1,25~27,Mondrian equivalence class
139,19,20~37,0,10,1~2,0~5,0~1,11~27,Mondrian equivalence class
140,18,18~30,0,1~7,2,1~5,0~1,28~39,Mondrian equivalence class
141,14,18~35,0,8~9,2,0~5,0~1,28~37,Mondrian equivalence class
142,14,19~32,0,10,1~2,0~5,0~1,28~40,Mondrian equivalence class
143,18,17~18,0,5~8,2,6~7,0,0,Mondrian equivalence class
144,11,18,0,9,2,6~7,0,0,Mondrian equivalence class
145,22,19,0,8~9,2,6~7,0,0,Mondrian equivalence class
146,19,20,0,5~9,1~2,7,0,0,Mondrian equivalence class
147,22,17~20,0,4~8,2,6,1,0,Mondrian equivalence class
148,20,18~20,0,9,2,6,1,0,Mondrian equivalence class
149,10,17~18,0,7~9,2,7,1,0,Mondrian equivalence class
150,11,19~20,0,4~9,2,7,1,0,Mondrian equivalence class
151,94,21~22,0,4~9,0~2,6~7,0~1,0,Mondrian equivalence class
152,26,23,0,4~9,1~2,6,0~1,0,Mondrian equivalence class
153,22,24,0,7~9,2,6,1,0,Mondrian equivalence class
154,22,25,0,5~9,1~2,6,0~1,0,Mondrian equivalence class
155,21,26,0,7~9,1~2,6,0~1,0,Mondrian equivalence class
156,26,23~24,0,9,1~2,7,0,0,Mondrian equivalence class
157,16,25,0,7~9,1~2,7,0,0,Mondrian equivalence class
158,16,26,0,6~9,1~2,7,0,0,Mondrian equivalence class
159,11,23~24,0,8~9,2,7,1,0,Mondrian equivalence class
160,10,25~26,0,6~9,1~2,7,1,0,Mondrian equivalence class
161,15,27,0,7~9,0~2,6,0~1,0,Mondrian equivalence class
162,10,28,0,6~9,1~2,6,1,0,Mondrian equivalence class
163,17,29,0,4~9,1~2,6,0~1,0,Mondrian equivalence class
164,17,30,0,4~9,1~2,6,0~1,0,Mondrian equivalence class
165,44,31~32,0,4~9,0~2,6,0~1,0,Mondrian equivalence class
166,13,27,0,9,1~2,7,0,0,Mondrian equivalence class
167,10,28,0,6~9,0~2,7,0,0,Mondrian equivalence class
168,22,29~30,0,9,0~2,7,0,0,Mondrian equivalence class
169,10,31~32,0,4~9,0~1,7,0,0,Mondrian equivalence class
170,10,31~32,0,6~9,2,7,0,0,Mondrian equivalence class
171,21,27~32,0,6~9,1~2,7,1,0,Mondrian equivalence class
172,26,33~35,0,5~9,1,6,0~1,0,Mondrian equivalence class
173,16,36~37,0,5~9,1,6,0~1,0,Mondrian equivalence class
174,17,33~34,0,9,0~1,7,0~1,0,Mondrian equivalence class
175,16,35~37,0,5~9,0~1,7,0,0,Mondrian equivalence class
176,26,33~35,0,5~9,2,6,1,0,Mondrian equivalence class
177,13,36~37,0,6~9,2,6,0~1,0,Mondrian equivalence class
178,19,33~37,0,8~9,2,7,0,0,Mondrian equivalence class
179,15,33~37,0,6~9,2,7,1,0,Mondrian equivalence class
180,31,17,0,5~7,2,8~11,0~1,0,Mondrian equivalence class
181,32,18~19,0,3~7,2,8~11,1,0,Mondrian equivalence class
182,60,17~19,0,8~9,2,8~11,0~1,0,Mondrian equivalence class
183,40,20,0,5~9,2,8~11,0~1,0,Mondrian equivalence class
184,32,21,0,4~9,2,8~11,0~1,0,Mondrian equivalence class
185,26,22,0,5~9,1~2,8~11,0~1,0,Mondrian equivalence class
186,26,23,0,3~9,2,8~11,0~1,0,Mondrian equivalence class
187,47,24~25,0,4~9,1~2,8~11,0~1,0,Mondrian equivalence class
188,19,26,0,6~9,1~2,8~11,0~1,0,Mondrian equivalence class
189,42,27~28,0,3~9,1~2,8~11,0~1,0,Mondrian equivalence class
190,12,29,0,9,1~2,8~11,0~1,0,Mondrian equivalence class
191,17,30,0,5~9,1~2,8~11,0~1,0,Mondrian equivalence class
192,11,31,0,4~9,1~2,8~11,0~1,0,Mondrian equivalence class
193,28,32~33,0,4~9,1~2,8~11,0~1,0,Mondrian equivalence class
194,12,34~35,0,4~9,1,8~11,0~1,0,Mondrian equivalence class
195,13,36~37,0,5~9,0~1,8~11,0~1,0,Mondrian equivalence class
196,11,34~35,0,5~9,2,9~11,0~1,0,Mondrian equivalence class
197,12,36~37,0,5~9,2,8~11,0~1,0,Mondrian equivalence class
198,10,17~19,0,6~9,2,13,0~1,0,Mondrian equivalence class
199,10,20~32,0,6~9,1~2,13,0~1,0,Mondrian equivalence class
200,57,18~20,0,10,2,6~7,0,0,Mondrian equivalence class
201,27,21,0,10,2,6~7,0,0,Mondrian equivalence class
202,20,22,0,10,1~2,6~7,0,0,Mondrian equivalence class
203,15,23,0,10,2,7,0,0,Mondrian equivalence class
204,16,24,0,10,1~2,6~7,0,0,Mondrian equivalence class
205,11,25,0,10,1~2,6~7,0,0,Mondrian equivalence class
206,29,26~27,0,10,1~2,6~7,0,0,Mondrian equivalence class
207,14,28,0,10,1~2,6~7,0,0,Mondrian equivalence class
208,14,29~30,0,10,1~2,6~7,0,0,Mondrian equivalence class
209,11,31,0,10,1~2,6~7,0,0,Mondrian equivalence class
210,11,32~33,0,10,0~1,6~7,0,0,Mondrian equivalence class
211,11,34~35,0,10,0~1,7,0,0,Mondrian equivalence class
212,12,36~37,0,10,1,6~7,0,0,Mondrian equivalence class
213,12,32~33,0,10,2,6~7,0,0,Mondrian equivalence class
214,12,34~37,0,10,2,6~7,0,0,Mondrian equivalence class
215,18,17~19,0,10,2,6~7,1,0,Mondrian equivalence class
216,16,20,0,10,2,6~7,1,0,Mondrian equivalence class
217,23,21,0,10,1~2,6~7,1,0,Mondrian equivalence class
218,10,22,0,10,2,6,1,0,Mondrian equivalence class
219,11,22,0,10,2,7,1,0,Mondrian equivalence class
220,21,23,0,10,1~2,6~7,1,0,Mondrian equivalence class
221,11,24,0,10,1~2,6~7,1,0,Mondrian equivalence class
222,19,25~28,0,10,1~2,6,1,0,Mondrian equivalence class
223,13,29~30,0,10,1~2,6,1,0,Mondrian equivalence class
224,21,25~30,0,10,1~2,7,1,0,Mondrian equivalence class
225,24,31~33,0,10,1~2,6~7,1,0,Mondrian equivalence class
226,10,34~35,0,10,1~2,6~7,1,0,Mondrian equivalence class
227,11,36~37,0,10,0~2,6~7,1,0,Mondrian equivalence class
228,56,18~20,0,10,2,8~13,0~1,0,Mondrian equivalence class
229,19,21,0,10,2,8~13,0~1,0,Mondrian equivalence class
230,49,22~23,0,10,1~2,8~13,0~1,0,Mondrian equivalence class
231,14,24~27,0,10,1~2,8~9,0,0,Mondrian equivalence class
232,14,28~37,0,10,1~2,8~9,0,0,Mondrian equivalence class
233,21,24~37,0,10,1~2,8~9,1,0,Mondrian equivalence class
234,10,24,0,10,2,11,0~1,0,Mondrian equivalence class
235,11,25~27,0,10,1~2,10~11,0~1,0,Mondrian equivalence class
236,21,28~37,0,10,1~2,10~13,0~1,0,Mondrian equivalence class
237,18,19~37,0,1~3,2,6~8,0~1,1,Mondrian equivalence class
238,12,17~33,0,4~7,2,6~8,1,1~3,Mondrian equivalence class
239,14,19~33,0,2~4,1~2,11~13,0~1,1,Mondrian equivalence class
240,11,17~28,0,5~7,2,11~13,0~1,1~9,Mondrian equivalence class
241,10,19~23,0,8~10,2,6~7,0~1,1,Mondrian equivalence class
242,10,19~24,0,9~10,2,6~7,0~1,2~9,Mondrian equivalence class
243,18,25~37,0,8~10,1~2,6~7,0~1,1~9,Mondrian equivalence class
244,18,20~34,0,9~10,1~2,8~13,0~1,1~9,Mondrian equivalence class
245,14,19~36,0,4~9,1~2,6~7,0~1,10~19,Mondrian equivalence class
246,10,19~29,0,3~9,1~2,6~7,0~1,20~27,Mondrian equivalence class
247,19,17~37,0,1~9,1~2,8~13,0~1,12~27,Mondrian equivalence class
248,11,19~35,0,10,2,6~11,0~1,12~16,Mondrian equivalence class
249,11,20~36,0,10,1~2,6~13,0~1,20~26,Mondrian equivalence class
250,15,18~24,0,3~9,2,6~13,0~1,28~40,Mondrian equivalence class
251,16,25~37,0,2~9,2,6~13,0~1,28~34,Mondrian equivalence class
252,12,19~32,0,10,1~2,6~11,0~1,28~38,Mondrian equivalence class
253,14,19~21,0,5~9,3~4,1,1,0,Mondrian equivalence class
254,13,22~23,0,7~9,3~4,0~1,0~1,0,Mondrian equivalence class
255,16,24,0,4~9,3~4,0~1,0~1,0,Mondrian equivalence class
256,13,25,0,5~9,3~4,0~1,0~1,0,Mondrian equivalence class
257,15,26,0,4~9,3~4,0~1,0~1,0,Mondrian equivalence class
258,13,27,0,6~9,3~4,0~1,0~1,0,Mondrian equivalence class
259,25,28,0,5~9,3~4,0~1,0~1,0,Mondrian equivalence class
260,42,29~30,0,5~9,3~4,0~1,0~1,0,Mondrian equivalence class
261,21,31,0,4~9,4,0~1,0~1,0,Mondrian equivalence class
262,21,19~27,0,4~9,3~4,2~3,0,0,Mondrian equivalence class
263,19,17~27,0,5~9,3~4,2~3,1,0,Mondrian equivalence class
264,25,28~30,0,4~9,3~4,2~3,0~1,0,Mondrian equivalence class
265,14,31,0,2~9,3~4,2~3,0~1,0,Mondrian equivalence class
266,50,32~33,0,4~9,3~4,0~1,0~1,0,Mondrian equivalence class
267,39,34~35,0,6~9,3~4,0~1,0~1,0,Mondrian equivalence class
268,32,36,0,3~9,3~4,0~1,0~1,0,Mondrian equivalence class
269,12,37,0,9,3~4,0,1,0,Mondrian equivalence class
270,10,37,0,5~9,4,1,0~1,0,Mondrian equivalence class
271,23,32~34,0,3~9,3~4,2~3,0~1,0,Mondrian equivalence class
272,13,35,0,7~9,3~4,2~3,0~1,0,Mondrian equivalence class
273,11,36~37,0,3~9,3~4,2~3,0,0,Mondrian equivalence class
274,11,36~37,0,5~9,4,2~3,1,0,Mondrian equivalence class
275,16,17~22,0,6~9,3~4,4~5,0~1,0,Mondrian equivalence class
276,16,23~24,0,4~9,3~4,4~5,0~1,0,Mondrian equivalence class
277,20,25,0,5~9,4,4~5,1,0,Mondrian equivalence class
278,14,26~27,0,4~9,4,4,1,0,Mondrian equivalence class
279,15,26~27,0,7~9,4,5,0~1,0,Mondrian equivalence class
280,11,28,0,7~9,4,4,1,0,Mondrian equivalence class
281,12,28,0,4~9,3~4,5,0~1,0,Mondrian equivalence class
282,26,29~30,0,4~9,3~4,4,1,0,Mondrian equivalence class
283,14,31,0,6~9,3~4,4,1,0,Mondrian equivalence class
284,24,29~31,0,6~9,3~4,5,0~1,0,Mondrian equivalence class
285,21,32~33,0,5~9,3~4,4,1,0,Mondrian equivalence class
286,12,34,0,7~9,3~4,4,1,0,Mondrian equivalence class
287,18,35,0,7~9,3~4,4,0~1,0,Mondrian equivalence class
288,17,36,0,5~9,4,4,0~1,0,Mondrian equivalence class
289,15,37,0,5~9,4,4,1,0,Mondrian equivalence class
290,20,32~33,0,4~9,3~4,5,0~1,0,Mondrian equivalence class
291,12,34,0,9,3~4,5,0~1,0,Mondrian equivalence class
292,23,35~37,0,5~9,3~4,5,0~1,0,Mondrian equivalence class
293,10,21~29,0,7~9,5~6,0~5,0~1,0,Mondrian equivalence class
294,10,30~36,0,6~9,5~6,1~5,0~1,0,Mondrian equivalence class
295,17,21~26,0,10,4,0,0~1,0,Mondrian equivalence class
296,12,21~26,0,10,4,1,0~1,0,Mondrian equivalence class
297,12,27~28,0,10,3~4,0~1,0~1,0,Mondrian equivalence class
298,22,29~32,0,10,3~4,0,0~1,0,Mondrian equivalence class
299,12,29~32,0,10,3~4,1,0~1,0,Mondrian equivalence class
300,13,20~24,0,10,3~5,2~3,0~1,0,Mondrian equivalence class
301,11,25~28,0,10,3~4,2~3,0~1,0,Mondrian equivalence class
302,10,29~32,0,10,4,2,0~1,0,Mondrian equivalence class
303,10,29~32,0,10,3~4,3,0~1,0,Mondrian equivalence class
304,22,33~34,0,10,3~4,0,0~1,0,Mondrian equivalence class
305,20,35~37,0,10,3~4,0,0~1,0,Mondrian equivalence class
306,22,33~37,0,10,3~4,1,1,0,Mondrian equivalence class
307,16,33~37,0,10,4~5,2,0~1,0,Mondrian equivalence class
308,16,33~37,0,10,3~4,3,0~1,0,Mondrian equivalence class
309,14,19~24,0,10,3~5,5,0,0,Mondrian equivalence class
310,12,20~24,0,10,4,4~5,1,0,Mondrian equivalence class
311,24,25~26,0,10,3~4,4~5,0~1,0,Mondrian equivalence class
312,12,27~28,0,10,3~4,4~5,0~1,0,Mondrian equivalence class
313,13,29~30,0,10,3~4,4~5,0~1,0,Mondrian equivalence class
314,36,31~33,0,10,3~5,4~5,0~1,0,Mondrian equivalence class
315,23,34~36,0,10,3~4,4~5,0~1,0,Mondrian equivalence class
316,13,37,0,10,4,4~5,0~1,0,Mondrian equivalence class
317,10,22~37,0,1~4,4~5,1,0~1,1,Mondrian equivalence class
318,11,21~37,0,2~4,3~4,3~4,0~1,1~3,Mondrian equivalence class
319,18,23~35,0,5~7,3~5,0~5,0~1,1~9,Mondrian equivalence class
320,14,21~28,0,8~10,4~5,0~5,0~1,1~9,Mondrian equivalence class
321,13,29~31,0,8~10,3~5,1~5,0~1,1~8,Mondrian equivalence class
322,13,32~37,0,8~10,3~4,0~5,0~1,1~9,Mondrian equivalence class
323,14,23~36,0,1~9,3~5,0~1,0~1,10~25,Mondrian equivalence class
324,15,20~37,0,2~9,4~5,2~5,0~1,10~23,Mondrian equivalence class
325,13,22~37,0,10,3~4,0~5,0~1,10~22,Mondrian equivalence class
326,13,24~36,0,3~10,3~4,0~1,0~1,26~35,Mondrian equivalence class
327,13,22~37,0,3~10,3~4,2~5,0~1,27~33,Mondrian equivalence class
328,10,18~37,0,2~10,5,1~5,0~1,27~37,Mondrian equivalence class
329,22,18~22,0,6~9,3~4,6,0~1,0,Mondrian equivalence class
330,17,23~24,0,7~9,4,6,0~1,0,Mondrian equivalence class
331,39,25~26,0,3~9,3~4,6,0~1,0,Mondrian equivalence class
332,25,27,0,4~9,3~6,6,1,0,Mondrian equivalence class
333,26,28,0,4~9,3~4,6,0~1,0,Mondrian equivalence class
334,32,29,0,5~9,4~5,6,1,0,Mondrian equivalence class
335,27,30,0,4~9,3~5,6,1,0,Mondrian equivalence class
336,30,31,0,4~9,3~4,6,0~1,0,Mondrian equivalence class
337,31,32,0,4~9,3~4,6,0~1,0,Mondrian equivalence class
338,27,33,0,4~9,4,6,0~1,0,Mondrian equivalence class
339,30,34,0,5~9,4~5,6,1,0,Mondrian equivalence class
340,34,35,0,6~9,3~4,6,0~1,0,Mondrian equivalence class
341,43,36,0,4~9,3~4,6,0~1,0,Mondrian equivalence class
342,36,37,0,4~9,3~4,6,1,0,Mondrian equivalence class
343,23,18~27,0,6~9,3~4,7~9,0,0,Mondrian equivalence class
344,11,28~29,0,6~9,3~4,7~8,0,0,Mondrian equivalence class
345,12,30~31,0,5~9,3~4,7~8,0,0,Mondrian equivalence class
346,15,20~25,0,6~9,3~4,7~9,1,0,Mondrian equivalence class
347,11,26~27,0,5~9,3~4,7~9,1,0,Mondrian equivalence class
348,10,28~31,0,9,3~4,7,1,0,Mondrian equivalence class
349,11,28~31,0,6~9,4,8~9,1,0,Mondrian equivalence class
350,17,32~35,0,8~9,3~4,7,0,0,Mondrian equivalence class
351,11,36~37,0,9,3~4,7,0,0,Mondrian equivalence class
352,19,32~37,0,4~9,3~4,7,1,0,Mondrian equivalence class
353,22,32~37,0,4~9,3~4,8,0~1,0,Mondrian equivalence class
354,13,32~37,0,9,3~4,9,0~1,0,Mondrian equivalence class
355,16,18~23,0,6~9,4,11~13,0~1,0,Mondrian equivalence class
356,10,24,0,6~9,4,10~11,1,0,Mondrian equivalence class
357,12,25~26,0,3~9,3~4,10~11,0~1,0,Mondrian equivalence class
358,20,27~28,0,5~9,3~4,10~11,0~1,0,Mondrian equivalence class
359,15,29~30,0,4~9,3~4,10~11,1,0,Mondrian equivalence class
360,30,31~34,0,4~9,3~4,10~11,0~1,0,Mondrian equivalence class
361,25,35~37,0,5~9,3~4,10~13,0~1,0,Mondrian equivalence class
362,13,19~36,0,5~9,5~6,7~11,0~1,0,Mondrian equivalence class
363,19,20~25,0,10,3~4,6,1,0,Mondrian equivalence class
364,19,21~25,0,10,3~5,7,0~1,0,Mondrian equivalence class
365,11,26~27,0,10,4,6,1,0,Mondrian equivalence class
366,12,26~27,0,10,3~5,7,0~1,0,Mondrian equivalence class
367,13,28,0,10,3~5,6~7,0~1,0,Mondrian equivalence class
368,17,29~30,0,10,4,6,1,0,Mondrian equivalence class
369,14,31,0,10,4,6,1,0,Mondrian equivalence class
370,11,29~30,0,10,3~4,7,0~1,0,Mondrian equivalence class
371,11,31,0,10,3~4,7,0~1,0,Mondrian equivalence class
372,28,32~34,0,10,3~4,6,1,0,Mondrian equivalence class
373,17,35,0,10,3~5,6,1,0,Mondrian equivalence class
374,30,36~37,0,10,3~4,6,1,0,Mondrian equivalence class
375,13,33~35,0,10,3~5,7,0~1,0,Mondrian equivalence class
376,11,36~37,0,10,3~4,7,0~1,0,Mondrian equivalence class
377,13,22~27,0,10,3~4,8~10,1,0,Mondrian equivalence class
378,11,28~30,0,10,3~4,8~10,0~1,0,Mondrian equivalence class
379,23,22~30,0,10,3~4,11,0~1,0,Mondrian equivalence class
380,17,31~37,0,10,3~5,8~9,0~1,0,Mondrian equivalence class
381,18,31~37,0,10,3~4,10~11,1,0,Mondrian equivalence class
382,15,22~30,0,2~5,3~5,6~8,1,1,Mondrian equivalence class
383,16,31~37,0,1~5,4~5,6~8,1,1,Mondrian equivalence class
384,18,21~37,0,2~5,3~4,9~13,0~1,1,Mondrian equivalence class
385,10,20~28,0,6~9,3~4,6~7,0~1,1,Mondrian equivalence class
386,10,29~37,0,6~10,4~5,6~7,0~1,1,Mondrian equivalence class
387,18,25~37,0,6~10,3~5,8~13,0~1,1,Mondrian equivalence class
388,18,26~37,0,2~10,3~4,6,1,6~21,Mondrian equivalence class
389,17,27~36,0,2~10,3~4,7~11,0~1,3~23,Mondrian equivalence class
390,13,23~37,0,3~9,3~5,6~8,0~1,25~35,Mondrian equivalence class
391,11,23~34,0,2~9,3~5,10~13,0~1,25~38,Mondrian equivalence class
392,11,23~37,0,10,3~5,6~13,0~1,25~35,Mondrian equivalence class
393,50,19~23,0,11~13,2,0~2,0,0,Mondrian equivalence class
394,45,24~25,0,11~13,0~2,0~2,0,0,Mondrian equivalence class
395,29,26,0,11~13,0~2,0~2,0,0,Mondrian equivalence class
396,20,27,0,11~13,1~2,0~2,0,0,Mondrian equivalence class
397,10,21~26,0,11,2,3,0,0,Mondrian equivalence class
398,10,21~26,0,12,1~2,3,0,0,Mondrian equivalence class
399,14,21~27,0,13,1~2,3,0,0,Mondrian equivalence class
400,20,28~30,0,11~13,1~2,0~1,0,0,Mondrian equivalence class
401,10,31~32,0,11~13,1,0~1,0,0,Mondrian equivalence class
402,11,31~32,0,11~13,2,0,0,0,Mondrian equivalence class
403,19,28~29,0,11~13,1~2,2,0,0,Mondrian equivalence class
404,12,30,0,11~13,0~2,2,0,0,Mondrian equivalence class
405,10,31~32,0,12~13,1~2,2,0,0,Mondrian equivalence class
406,16,33,0,11~13,1~2,0~2,0,0,Mondrian equivalence class
407,14,34,0,11~13,1~2,0~2,0,0,Mondrian equivalence class
408,16,35~37,0,11~13,0~1,0~2,0,0,Mondrian equivalence class
409,15,35~37,0,11~13,2,0~2,0,0,Mondrian equivalence class
410,11,29~36,0,11~13,1,3,0,0,Mondrian equivalence class
411,11,28~36,0,11~13,2,3,0,0,Mondrian equivalence class
412,17,23~26,0,14,2,0~3,0,0,Mondrian equivalence class
413,11,27~29,0,14,1~2,0~2,0,0,Mondrian equivalence class
414,10,25~29,0,15~16,1~2,2,0,0,Mondrian equivalence class
415,16,30~33,0,14~16,1~2,0~3,0,0,Mondrian equivalence class
416,15,34~37,0,14~16,1~2,0~2,0,0,Mondrian equivalence class
417,16,22~36,0,11~13,1~2,0~3,0,1~9,Mondrian equivalence class
418,12,22~36,0,11~16,1~2,0~3,0,13~37,Mondrian equivalence class
419,16,22~23,0,11~13,2,0,1,0,Mondrian equivalence class
420,15,24,0,11~13,2,0,1,0,Mondrian equivalence class
421,12,21~24,0,11~13,2,1,1,0,Mondrian equivalence class
422,21,25~26,0,12~13,2,0~1,1,0,Mondrian equivalence class
423,12,27,0,11~13,1~2,0~1,1,0,Mondrian equivalence class
424,29,22~24,0,11~13,2,2,1,0,Mondrian equivalence class
425,29,25~27,0,11~13,2,2,1,0,Mondrian equivalence class
426,15,19~24,0,11~13,2,3,1,0,Mondrian equivalence class
427,14,25~27,0,12~13,2,3,1,0,Mondrian equivalence class
428,30,28~29,0,11~13,1~2,0~2,1,0,Mondrian equivalence class
429,16,30~31,0,11~13,1~2,0~1,1,0,Mondrian equivalence class
430,14,30~31,0,11~13,2,2,1,0,Mondrian equivalence class
431,21,32~33,0,11~13,1~2,0~2,1,0,Mondrian equivalence class
432,11,34~35,0,11~13,1~2,0~2,1,0,Mondrian equivalence class
433,11,36~37,0,12~13,1~2,0,1,0,Mondrian equivalence class
434,11,36~37,0,12~13,1~2,1~2,1,0,Mondrian equivalence class
435,15,28~37,0,11~13,1~2,3,1,0,Mondrian equivalence class
436,11,23~28,0,14,2,0~2,1,0,Mondrian equivalence class
437,10,29~31,0,14,2,0~2,1,0,Mondrian equivalence class
438,15,27~31,0,15~16,0~2,2~3,1,0,Mondrian equivalence class
439,14,32~34,0,14~16,2,0~2,1,0,Mondrian equivalence class
440,14,35~37,0,14~15,1~2,0~2,1,0,Mondrian equivalence class
441,17,22~37,0,11~16,2,0~3,1,2~10,Mondrian equivalence class
442,17,21~36,0,11~16,1~2,0~3,1,14~39,Mondrian equivalence class
443,12,19~21,0,11~12,2,5~7,0,0,Mondrian equivalence class
444,11,22,0,11~12,2,5~7,0,0,Mondrian equivalence class
445,16,20~22,0,13,2,5~7,0,0,Mondrian equivalence class
446,32,23,0,11~13,1~2,4~7,0,0,Mondrian equivalence class
447,14,24,0,12~13,2,4~6,0,0,Mondrian equivalence class
448,15,24,0,11~13,2,7,0,0,Mondrian equivalence class
449,25,25,0,11~13,1~2,5~7,0,0,Mondrian equivalence class
450,24,26,0,11~13,1~2,5~7,0,0,Mondrian equivalence class
451,21,27,0,11~14,1~2,5~7,0,0,Mondrian equivalence class
452,14,28,0,11~14,1~2,5~7,0,0,Mondrian equivalence class
453,18,29,0,11~13,1~2,5~7,0,0,Mondrian equivalence class
454,17,30~31,0,11~13,1~2,5~7,0,0,Mondrian equivalence class
455,20,32~33,0,11~15,1~2,5~7,0,0,Mondrian equivalence class
456,14,34,0,11~13,1~2,5~7,0,0,Mondrian equivalence class
457,13,35,0,11~14,1~2,5~7,0,0,Mondrian equivalence class
458,12,36,0,11~13,1~2,5~7,0,0,Mondrian equivalence class
459,11,37,0,11~13,2,5~7,0,0,Mondrian equivalence class
460,26,20~23,0,11~13,2,4~5,1,0,Mondrian equivalence class
461,16,24,0,11~13,2,4~5,1,0,Mondrian equivalence class
462,22,25~26,0,11~13,2,4~5,1,0,Mondrian equivalence class
463,14,27,0,11~13,2,5,1,0,Mondrian equivalence class
464,21,21~24,0,11~12,2,6~7,1,0,Mondrian equivalence class
465,16,22~24,0,13,2,6~7,1,0,Mondrian equivalence class
466,17,25~27,0,11~13,1~2,6,1,0,Mondrian equivalence class
467,16,25~27,0,12~13,2,7,1,0,Mondrian equivalence class
468,18,28~29,0,11~13,2,4~5,1,0,Mondrian equivalence class
469,16,30~31,0,11~13,1~2,4~5,1,0,Mondrian equivalence class
470,15,32~34,0,11~13,1~2,4~5,1,0,Mondrian equivalence class
471,15,35~37,0,11~13,1~2,4~5,1,0,Mondrian equivalence class
472,16,28~32,0,11~13,1~2,6,1,0,Mondrian equivalence class
473,17,28~32,0,12~13,2,7,1,0,Mondrian equivalence class
474,17,33~37,0,11~12,1~2,6~7,1,0,Mondrian equivalence class
475,12,33~37,0,13,1~2,6~7,1,0,Mondrian equivalence class
476,16,24~36,0,14~16,1~2,5~7,1,0,Mondrian equivalence class
477,15,20~23,0,11~13,1~2,8~9,0~1,0,Mondrian equivalence class
478,11,24,0,11~13,2,8~9,0~1,0,Mondrian equivalence class
479,12,25,0,12~13,1~2,8~9,0~1,0,Mondrian equivalence class
480,19,26~27,0,11~14,2,8~9,0~1,0,Mondrian equivalence class
481,19,28~37,0,11~12,1~2,9,0,0,Mondrian equivalence class
482,10,28~36,0,13~15,1~2,9,0,0,Mondrian equivalence class
483,12,29~37,0,11~12,1~2,8~9,1,0,Mondrian equivalence class
484,12,29~37,0,13~15,1~2,8~9,1,0,Mondrian equivalence class
485,11,21~25,0,11~12,2,10~13,0~1,0,Mondrian equivalence class
486,11,27~35,0,11~12,1~2,10~13,0~1,0,Mondrian equivalence class
487,20,22~36,0,13~14,1~2,10~11,0~1,0,Mondrian equivalence class
488,14,22~36,0,11~14,0~2,5~9,0,3~10,Mondrian equivalence class
489,13,23~36,0,12~14,1~2,5~11,0,13~37,Mondrian equivalence class
490,17,22~35,0,11~15,2,4~9,1,1~10,Mondrian equivalence class
491,11,21~36,0,11~14,1~2,4~11,1,13~34,Mondrian equivalence class
492,17,22~25,0,11~13,3~4,0~1,0~1,0,Mondrian equivalence class
493,13,26~27,0,12~13,4,0,0~1,0,Mondrian equivalence class
494,16,28,0,11~13,4,0~1,0~1,0,Mondrian equivalence class
495,12,29,0,11~13,4,0~1,0~1,0,Mondrian equivalence class
496,17,30,0,11~13,4~6,0~1,0~1,0,Mondrian equivalence class
497,18,31,0,11~13,3~4,0~1,0~1,0,Mondrian equivalence class
498,22,32,0,12~13,3~4,0~1,0~1,0,Mondrian equivalence class
499,28,22~27,0,11~13,4~5,2,0~1,0,Mondrian equivalence class
500,14,28,0,11~13,4,2,0~1,0,Mondrian equivalence class
501,11,29,0,11~13,4,2,0~1,0,Mondrian equivalence class
502,17,30,0,11~13,3~4,2,0~1,0,Mondrian equivalence class
503,15,31,0,11~13,4,2,0~1,0,Mondrian equivalence class
504,13,32,0,11~13,3~4,2,0~1,0,Mondrian equivalence class
505,21,33,0,13,3~4,0,0~1,0,Mondrian equivalence class
506,22,34,0,11~13,3~4,0,0~1,0,Mondrian equivalence class
507,17,35,0,11~13,3~4,0,0~1,0,Mondrian equivalence class
508,39,36~37,0,11~13,3~4,0,0~1,0,Mondrian equivalence class
509,19,33,0,11~13,3~5,1~2,0~1,0,Mondrian equivalence class
510,16,34,0,11~13,4,1~2,0~1,0,Mondrian equivalence class
511,33,35~36,0,11~13,4~5,1~2,0~1,0,Mondrian equivalence class
512,19,37,0,11~13,3~4,1~2,0~1,0,Mondrian equivalence class
513,10,24~28,0,14,4,0~2,0~1,0,Mondrian equivalence class
514,11,29~31,0,14,4,0~2,0~1,0,Mondrian equivalence class
515,18,32~33,0,14,3~4,0~2,0~1,0,Mondrian equivalence class
516,13,26~31,0,15~16,4,2,0~1,0,Mondrian equivalence class
517,12,32~33,0,15~16,4,0~2,0~1,0,Mondrian equivalence class
518,18,34~37,0,14,3~4,0,1,0,Mondrian equivalence class
519,14,34~37,0,14,3~4,2,0~1,0,Mondrian equivalence class
520,20,34~37,0,15~16,3~4,0~2,0~1,0,Mondrian equivalence class
521,16,24~37,0,11~13,3~4,0~2,0~1,1~14,Mondrian equivalence class
522,17,23~37,0,14~16,3~5,0~2,0~1,1~14,Mondrian equivalence class
523,12,27~36,0,13~14,4,0~2,0~1,15~22,Mondrian equivalence class
524,13,27~37,0,12~16,3~4,0~2,0~1,23~37,Mondrian equivalence class
525,22,22~26,0,11~13,3~4,3~5,0~1,0,Mondrian equivalence class
526,13,27,0,11~13,4,3~5,1,0,Mondrian equivalence class
527,17,28,0,11~13,4,3~5,0~1,0,Mondrian equivalence class
528,16,29,0,11~13,4,3~5,0~1,0,Mondrian equivalence class
529,16,30,0,11~13,3~5,3~5,0~1,0,Mondrian equivalence class
530,16,31,0,11~13,3~4,3~5,0~1,0,Mondrian equivalence class
531,10,21~27,0,11,4,6,1,0,Mondrian equivalence class
532,10,25~28,0,12~13,3~4,6,0~1,0,Mondrian equivalence class
533,20,29~31,0,11~13,3~4,6,1,0,Mondrian equivalence class
534,39,32~34,0,11~13,3~5,3~5,0~1,0,Mondrian equivalence class
535,25,35,0,11~13,3~5,3~5,0~1,0,Mondrian equivalence class
536,25,36~37,0,11~13,3~4,3~5,0~1,0,Mondrian equivalence class
537,18,32~34,0,11~12,3~5,6,1,0,Mondrian equivalence class
538,16,35~37,0,11~12,4,6,0~1,0,Mondrian equivalence class
539,11,32~37,0,13,4~5,6,1,0,Mondrian equivalence class
540,17,25~37,0,14~15,3~4,3~5,0~1,0,Mondrian equivalence class
541,14,21~30,0,11~12,3~5,7,0,0,Mondrian equivalence class
542,10,21~29,0,11~12,4~6,7~8,1,0,Mondrian equivalence class
543,20,31~37,0,11~12,3~6,7~8,0~1,0,Mondrian equivalence class
544,11,22~29,0,11~12,4,9~11,0~1,0,Mondrian equivalence class
545,10,30~32,0,11~12,4,9~11,0~1,0,Mondrian equivalence class
546,17,33~37,0,11~12,4,9~11,0~1,0,Mondrian equivalence class
547,11,22~28,0,13~15,4,7~8,0~1,0,Mondrian equivalence class
548,10,30~31,0,13~14,4~5,7,0~1,0,Mondrian equivalence class
549,17,32~37,0,13~14,4~5,7~8,0~1,0,Mondrian equivalence class
550,16,24~31,0,13~14,3~4,9,0~1,0,Mondrian equivalence class
551,17,32~37,0,13~14,4,9~11,0~1,0,Mondrian equivalence class
552,13,21~35,0,11~15,4,3~9,0~1,1~6,Mondrian equivalence class
553,11,23~37,0,11~13,3~4,3~9,0~1,7~12,Mondrian equivalence class
554,11,24~37,0,11~14,3~4,3~6,0~1,13~36,Mondrian equivalence class
555,12,25~35,0,11~13,4,7~11,0~1,14~34,Mondrian equivalence class
556,14,17~30,1,3~9,1~2,0~4,0~1,0,Mondrian equivalence class
557,14,31~37,1,1~9,0~2,0~4,0~1,0,Mondrian equivalence class
558,12,17~37,2~3,7~9,1~2,0~2,0~1,0,Mondrian equivalence class
559,13,17~37,2~3,6~9,1~2,3~4,0~1,0,Mondrian equivalence class
560,11,17~28,4,6~9,1~2,0~3,0,0,Mondrian equivalence class
561,10,19~28,4,6~9,1~2,1~4,1,0,Mondrian equivalence class
562,19,29~37,4,6~9,1~2,0~4,0~1,0,Mondrian equivalence class
563,18,17~24,1~4,4~9,1~2,5~6,0~1,0,Mondrian equivalence class
564,19,25~29,1~4,5~9,1~2,5~6,0~1,0,Mondrian equivalence class
565,10,30~31,1~4,4~9,1~2,5~6,0~1,0,Mondrian equivalence class
566,10,32~33,2~4,6~9,0~2,5~6,0~1,0,Mondrian equivalence class
567,15,34~37,2~4,4~9,1~2,5~6,0~1,0,Mondrian equivalence class
568,15,18~22,1~2,10,2,0~3,0,0,Mondrian equivalence class
569,16,23~37,1~2,10,1~2,0~3,0,0,Mondrian equivalence class
570,17,19~23,1~2,10,2,0~3,1,0,Mondrian equivalence class
571,11,24~37,1~2,10,1~2,0~3,1,0,Mondrian equivalence class
572,14,18~37,1~2,10,1~2,4~6,0~1,0,Mondrian equivalence class
573,15,18~26,3~4,10,2,0~3,0~1,0,Mondrian equivalence class
574,16,27~37,3~4,10,1~2,0~3,0~1,0,Mondrian equivalence class
575,14,18~26,3~4,10,2,4~6,0~1,0,Mondrian equivalence class
576,15,27~37,3~4,10,1~2,4~6,0~1,0,Mondrian equivalence class
577,16,17~26,5,5~9,1~2,0~3,0~1,0,Mondrian equivalence class
578,16,27~36,5,5~9,1~2,0~3,0~1,0,Mondrian equivalence class
579,16,17~36,5~6,6~9,1~2,4~6,0~1,0,Mondrian equivalence class
580,16,19~34,5,10,2,0~6,0~1,0,Mondrian equivalence class
581,14,17~37,1~5,3~10,1~2,0~5,0,1~29,Mondrian equivalence class
582,13,22~35,1~5,3~10,2,0~6,1,1~37,Mondrian equivalence class
583,20,19~26,1,9~10,1~2,7,0,0,Mondrian equivalence class
584,12,19~26,2,9~10,1~2,7,0,0,Mondrian equivalence class
585,18,27~33,1~2,8~10,1~2,7,0,0,Mondrian equivalence class
586,11,34~37,1~2,8~10,1~2,7,0,0,Mondrian equivalence class
587,18,19~36,1~2,4~10,1~2,9~11,0,0,Mondrian equivalence class
588,14,18~23,1~2,8~10,2,7,1,0,Mondrian equivalence class
589,14,24~37,1~2,9~10,1~2,7,1,0,Mondrian equivalence class
590,16,17~23,1~2,6~10,2,8~12,1,0,Mondrian equivalence class
591,12,24~35,1~2,9~10,1~2,8~12,1,0,Mondrian equivalence class
592,21,17~28,3~4,4~9,1~2,7~11,0~1,0,Mondrian equivalence class
593,10,29~34,3~4,4~9,1~2,7~11,0~1,0,Mondrian equivalence class
594,10,35~37,3~4,4~9,1~2,8~11,1,0,Mondrian equivalence class
595,16,18~34,3~4,10,1~2,7~9,0~1,0,Mondrian equivalence class
596,12,17~23,5,7~10,1~2,7,0,0,Mondrian equivalence class
597,11,24~30,5,9~10,1~2,7,0,0,Mondrian equivalence class
598,14,31~37,5,9~10,1,7,0,0,Mondrian equivalence class
599,10,31~37,5,1~10,2,7,0,0,Mondrian equivalence class
600,12,20~34,5,9~10,1~2,9~10,0,0,Mondrian equivalence class
601,18,18~25,5~6,4~9,2,7~11,1,0,Mondrian equivalence class
602,19,26~36,5,9,1~2,7~11,1,0,Mondrian equivalence class
603,11,19~24,5,10,1~2,7~11,1,0,Mondrian equivalence class
604,11,27~36,5,10,1~2,7~11,1,0,Mondrian equivalence class
605,14,19~37,1~5,9~10,1~2,7~11,0~1,1~33,Mondrian equivalence class
606,17,23~32,1~4,7~9,3~4,0,0~1,0,Mondrian equivalence class
607,18,24~32,1~4,4~9,3~5,1~3,0~1,0,Mondrian equivalence class
608,19,34~37,1~4,4~9,4,0~1,1,0,Mondrian equivalence class
609,16,33~37,1~4,6~9,3~5,2~3,0~1,0,Mondrian equivalence class
610,13,19~29,1~4,4~9,4~6,4~5,0~1,0,Mondrian equivalence class
611,10,30~32,1~4,8~9,3~4,4~5,1,0,Mondrian equivalence class
612,23,33~37,1~4,5~9,3~4,4~5,0~1,0,Mondrian equivalence class
613,15,19~28,3~4,4~9,3~4,6,1,0,Mondrian equivalence class
614,11,29~30,1~4,6~9,4,6,1,0,Mondrian equivalence class
615,24,31~33,2~4,3~9,3~4,6,1,0,Mondrian equivalence class
616,16,34~35,1~4,5~9,4,6,0~1,0,Mondrian equivalence class
617,12,36~37,1~4,4~9,3~4,6,1,0,Mondrian equivalence class
618,11,20~27,1,10,3~4,0~3,0~1,0,Mondrian equivalence class
619,11,28~37,1,10,3~5,0~3,0~1,0,Mondrian equivalence class
620,18,25~37,2~3,10,4,0~2,0~1,0,Mondrian equivalence class
621,13,22~37,1~3,10,3~4,4~5,0~1,0,Mondrian equivalence class
622,11,22~37,1~3,10,4,6,1,0,Mondrian equivalence class
623,10,27~33,4,10,4,0~3,0~1,0,Mondrian equivalence class
624,11,35~37,4,10,4,0~3,0~1,0,Mondrian equivalence class
625,11,26~36,4,10,4,5,1,0,Mondrian equivalence class
626,19,26~37,4,10,3~5,6,1,0,Mondrian equivalence class
627,10,26~33,5,4~9,3~4,1~3,0~1,0,Mondrian equivalence class
628,10,34~37,5,7~9,3~4,0~3,0~1,0,Mondrian equivalence class
629,10,28~36,5,4~9,3~4,4,0~1,0,Mondrian equivalence class
630,18,25~37,5,5~9,4,6,1,0,Mondrian equivalence class
631,13,23~37,5,10,3~4,0~3,0~1,0,Mondrian equivalence class
632,11,29~37,5,10,4,4~6,0~1,0,Mondrian equivalence class
633,13,27~36,1~5,2~10,4~5,0~6,0~1,1~15,Mondrian equivalence class
634,13,26~37,3~5,5~10,3~4,0~6,0~1,16~38,Mondrian equivalence class
635,19,24~31,1~2,6~9,3~6,7~9,0~1,0,Mondrian equivalence class
636,10,33~37,1~2,5~9,3~4,7~9,0~1,0,Mondrian equivalence class
637,19,24~36,1~2,4~9,4,10~12,1,0,Mondrian equivalence class
638,11,19~29,4,4~9,4~5,7~8,0~1,0,Mondrian equivalence class
639,12,30~34,3~4,6~9,4,7~11,0~1,0,Mondrian equivalence class
640,16,35~37,3~4,4~9,4,8~9,1,0,Mondrian equivalence class
641,12,22~29,1~2,10,3~5,7,0~1,0,Mondrian equivalence class
642,11,30~37,1~2,10,3~6,7,0~1,0,Mondrian equivalence class
643,11,22~35,1~2,10,3~5,9~10,1,0,Mondrian equivalence class
644,18,26~37,3~4,10,3~4,7~10,0~1,0,Mondrian equivalence class
645,21,23~32,5,4~9,3~4,7~11,0~1,0,Mondrian equivalence class
646,15,23~32,5~6,10,3~5,7~11,0~1,0,Mondrian equivalence class
647,35,33~37,5,9~10,3~5,7~10,0~1,0,Mondrian equivalence class
648,15,20~37,1~5,3~10,3~5,7~11,0~1,1~36,Mondrian equivalence class
649,14,22~26,1,11~13,1~2,0~2,0,0,Mondrian equivalence class
650,15,27~37,1,11~13,1~2,0~2,0,0,Mondrian equivalence class
651,16,24~36,1,14~16,1~2,0~2,0,0~18,Mondrian equivalence class
652,11,23~29,2,12~15,2,0~2,0,0~13,Mondrian equivalence class
653,11,30~37,2,12~16,1~2,0~2,0,0~20,Mondrian equivalence class
654,11,26~32,3~4,11~16,1~2,0~2,0,0,Mondrian equivalence class
655,11,34~37,3~4,12~16,1~2,0~2,0,0,Mondrian equivalence class
656,24,22~25,5,12~13,2,0~2,0,0,Mondrian equivalence class
657,17,26~27,5,12~13,1~2,2,0,0,Mondrian equivalence class
658,16,28~32,5,12~13,1~2,0~2,0,0~15,Mondrian equivalence class
659,12,33~37,5,11~13,1~2,0~2,0,0,Mondrian equivalence class
660,20,18~37,5,14~16,0~2,0~2,0,0~15,Mondrian equivalence class
661,15,23~27,1,13,2,0~2,1,0,Mondrian equivalence class
662,16,28~37,1,11~13,1~2,0~2,1,0,Mondrian equivalence class
663,13,24~36,1,14~16,1~2,0~2,1,0,Mondrian equivalence class
664,14,22~30,2~3,13~14,2,0~2,1,0,Mondrian equivalence class
665,14,31~37,2~3,11~16,1~2,0~2,1,0,Mondrian equivalence class
666,22,23~29,4~5,11~13,1~2,0~2,1,0,Mondrian equivalence class
667,16,30~36,4~5,13,1~2,0~2,1,0,Mondrian equivalence class
668,10,26~31,4~5,14~15,1~2,0~2,1,0,Mondrian equivalence class
669,11,32~37,4~5,14~16,1~2,0~2,1,0,Mondrian equivalence class
670,14,22~35,1~5,13~16,1~2,0~2,1,1~39,Mondrian equivalence class
671,14,22~27,1~3,12~14,2,3~7,0,0~15,Mondrian equivalence class
672,13,29~37,1~3,11~14,1~2,5~7,0,0,Mondrian equivalence class
673,12,20~34,1~3,11~12,1~2,3~7,1,0~26,Mondrian equivalence class
674,13,21~37,1~3,13~14,0~2,4~7,1,0~10,Mondrian equivalence class
675,11,24~36,4,11~12,1~2,3~5,0~1,0,Mondrian equivalence class
676,12,23~34,4,11~12,1~2,6~7,0~1,0,Mondrian equivalence class
677,18,23~36,4,13~14,1~2,3~7,0~1,0~14,Mondrian equivalence class
678,11,21~26,1~2,11~13,2,9~10,0~1,0,Mondrian equivalence class
679,11,27~37,1~2,11~14,1~2,9~10,0~1,0,Mondrian equivalence class
680,14,20~37,3~4,11~13,1~2,8~10,0~1,0~1,Mondrian equivalence class
681,15,22~28,5,11~13,2,4~7,0~1,0~23,Mondrian equivalence class
682,14,29~37,5,11~14,1~2,3~7,0~1,0~38,Mondrian equivalence class
683,15,23~37,5,11~12,1~2,9~10,0~1,0,Mondrian equivalence class
684,14,25~37,5,13~14,1~2,9~11,0~1,0~15,Mondrian equivalence class
685,17,22~32,1~2,13,3~6,0~2,0~1,0,Mondrian equivalence class
686,12,26~32,1~2,14,4,0~2,0~1,0,Mondrian equivalence class
687,11,33~35,1~2,11~14,4,0~2,0~1,0,Mondrian equivalence class
688,12,36~37,1~2,12~14,4,0~2,0~1,0,Mondrian equivalence class
689,16,29~37,1~2,15~16,4,0~2,0~1,0,Mondrian equivalence class
690,14,24~33,3,11~16,4,0~2,1,0,Mondrian equivalence class
691,12,34~37,3,12~16,3~4,0~2,0~1,0,Mondrian equivalence class
692,17,25~33,4,11~13,3~4,0~2,0~1,0,Mondrian equivalence class
693,10,34~37,4,11~13,3~4,0~2,0~1,0,Mondrian equivalence class
694,13,28~34,4,14~16,3~4,0~2,0~1,0,Mondrian equivalence class
695,14,35~37,4,14~16,4,0~2,1,0,Mondrian equivalence class
696,10,24~32,5,11~13,3~4,2,0,0,Mondrian equivalence class
697,10,25~32,5,13,4,2,1,0,Mondrian equivalence class
698,19,33~37,5,11~13,3~5,0~2,0~1,0,Mondrian equivalence class
699,16,26~31,5,14~15,4~5,2,0~1,0,Mondrian equivalence class
700,16,32~37,5,14~16,3~4,2,0~1,0,Mondrian equivalence class
701,11,30~36,1~5,13~16,3~4,2,0~1,1~9,Mondrian equivalence class
702,12,26~37,1~5,12~16,4,0~2,1,12~36,Mondrian equivalence class
703,18,26~33,1~3,11~14,3~4,3~6,0~1,0,Mondrian equivalence class
704,18,27~33,4,11~14,4~5,3~6,0~1,0,Mondrian equivalence class
705,21,34~37,1~4,11~15,4,3~5,0~1,0,Mondrian equivalence class
706,11,34~37,3~4,11~15,4,6,1,0,Mondrian equivalence class
707,15,23~36,1~2,11~14,4,7~9,0~1,0,Mondrian equivalence class
708,14,23~36,1~2,11~14,4,10~11,1,0,Mondrian equivalence class
709,13,21~34,3~4,11~14,4,7~8,0~1,0,Mondrian equivalence class
710,11,35~37,3~4,11~14,4,7~9,1,0,Mondrian equivalence class
711,21,24~32,5,11~13,4~5,3~11,0~1,0,Mondrian equivalence class
712,11,33~37,5,11~13,3~4,3~9,0~1,0,Mondrian equivalence class
713,10,33~37,5,11~14,4,10~11,1,0,Mondrian equivalence class
714,10,30~37,3~5,12~14,4,3~6,1,1~14,Mondrian equivalence class
715,11,27~36,1~5,11~14,4~5,4~10,0~1,15~34,Mondrian equivalence class
716,36,38~43,0,6~9,0~1,0~2,0,0,Mondrian equivalence class
717,11,44~47,0,5~9,0~1,0,0,0,Mondrian equivalence class
718,11,44~47,0,4~9,1,1~2,0,0,Mondrian equivalence class
719,10,48,0,6~9,0~1,0~2,0,0,Mondrian equivalence class
720,18,38~40,0,5~9,0~1,3,0,0,Mondrian equivalence class
721,11,41~43,0,5~9,0~1,3,0,0,Mondrian equivalence class
722,15,44~46,0,5~9,0~1,3,0,0,Mondrian equivalence class
723,15,47~48,0,5~9,0~1,3,0,0,Mondrian equivalence class
724,22,38~41,0,1~9,2,0~3,0,0,Mondrian equivalence class
725,12,42~44,0,5~9,2,0~3,0,0,Mondrian equivalence class
726,10,45~48,0,3~9,2,0~3,0,0,Mondrian equivalence class
727,19,38~43,0,4~9,3,0~3,0,0,Mondrian equivalence class
728,15,44~48,0,4~9,3,0~3,0,0,Mondrian equivalence class
729,17,38~42,0,6~9,0~1,0~1,1,0,Mondrian equivalence class
730,14,43~48,0,4~9,0~1,0~1,1,0,Mondrian equivalence class
731,17,38~47,0,5~9,1,2~3,1,0,Mondrian equivalence class
732,13,38~40,0,7~9,2~3,0~1,1,0,Mondrian equivalence class
733,13,41~48,0,6~9,2~3,0~1,1,0,Mondrian equivalence class
734,19,38~46,0,4~9,2~3,2~3,1,0,Mondrian equivalence class
735,46,38~39,0,6~9,4,0~1,0~1,0,Mondrian equivalence class
736,12,40,0,6~9,4,0,0~1,0,Mondrian equivalence class
737,12,40,0,6~9,4,1,1,0,Mondrian equivalence class
738,16,41,0,4~9,4,0~1,1,0,Mondrian equivalence class
739,15,42,0,6~9,4,0~1,0~1,0,Mondrian equivalence class
740,18,43,0,4~9,4,0~1,1,0,Mondrian equivalence class
741,30,44~45,0,3~9,4,0~1,0~1,0,Mondrian equivalence class
742,20,46,0,5~9,4,0~1,0~1,0,Mondrian equivalence class
743,38,47~48,0,4~9,4,0~1,0~1,0,Mondrian equivalence class
744,25,38~40,0,5~9,4,2~3,0~1,0,Mondrian equivalence class
745,15,41~43,0,4~9,4,2~3,0~1,0,Mondrian equivalence class
746,22,44~46,0,2~9,4,2~3,0~1,0,Mondrian equivalence class
747,13,47~48,0,7~9,4,2~3,0~1,0,Mondrian equivalence class
748,29,38~39,0,4~9,0~4,4,0~1,0,Mondrian equivalence class
749,18,40,0,5~9,1~4,4,1,0,Mondrian equivalence class
750,38,41~42,0,4~9,0~4,4,0~1,0,Mondrian equivalence class
751,16,38~42,0,4~9,0~1,5,0,0,Mondrian equivalence class
752,17,38~42,0,6~9,2~3,5,0,0,Mondrian equivalence class
753,10,38~42,0,6~9,0~3,5,1,0,Mondrian equivalence class
754,13,38~39,0,7~9,4,5,0~1,0,Mondrian equivalence class
755,12,40,0,4~9,4,5,0~1,0,Mondrian equivalence class
756,18,41~42,0,9,4,5,1,0,Mondrian equivalence class
757,30,43~44,0,4~9,1~4,4,0~1,0,Mondrian equivalence class
758,25,45~46,0,3~9,1~4,4,1,0,Mondrian equivalence class
759,17,47,0,7~9,1~4,4,1,0,Mondrian equivalence class
760,16,48,0,3~9,0~4,4,1,0,Mondrian equivalence class
761,12,43~46,0,5~9,1,5,0~1,0,Mondrian equivalence class
762,10,43~46,0,2~9,2~3,5,0~1,0,Mondrian equivalence class
763,23,43~46,0,6~9,4,5,0~1,0,Mondrian equivalence class
764,31,47~48,0,5~9,1~4,5,0~1,0,Mondrian equivalence class
765,18,38~42,0,10,0~1,0,0,0,Mondrian equivalence class
766,15,43~48,0,10,0~1,0,0,0,Mondrian equivalence class
767,12,38~46,0,10,2~3,0,0,0,Mondrian equivalence class
768,19,38~48,0,10,1~3,0,1,0,Mondrian equivalence class
769,16,38~39,0,10,4,0,0~1,0,Mondrian equivalence class
770,17,40~43,0,10,4,0,0~1,0,Mondrian equivalence class
771,25,44~48,0,10,4,0,0~1,0,Mondrian equivalence class
772,23,38~40,0,10,1~4,1,0~1,0,Mondrian equivalence class
773,16,41~42,0,10,1~4,1,0~1,0,Mondrian equivalence class
774,23,38~42,0,10,1~4,2,0~1,0,Mondrian equivalence class
775,37,43~45,0,10,1~4,1~2,0~1,0,Mondrian equivalence class
776,24,46~48,0,10,0~4,1~2,0~1,0,Mondrian equivalence class
777,13,38~40,0,10,1,3~5,0,0,Mondrian equivalence class
778,12,38~40,0,10,2~3,3~5,0,0,Mondrian equivalence class
779,16,38~40,0,10,1~2,3~5,1,0,Mondrian equivalence class
780,23,38~39,0,10,4,3~5,0~1,0,Mondrian equivalence class
781,14,40,0,10,4,3~5,0~1,0,Mondrian equivalence class
782,21,41,0,10,1~4,3~5,0~1,0,Mondrian equivalence class
783,17,42,0,10,0~4,3~5,0~1,0,Mondrian equivalence class
784,10,43,0,10,1~4,3~4,0~1,0,Mondrian equivalence class
785,10,43,0,10,1~4,5,0~1,0,Mondrian equivalence class
786,14,44,0,10,1~4,3~4,0~1,0,Mondrian equivalence class
787,12,45,0,10,0~4,3~4,0~1,0,Mondrian equivalence class
788,14,44,0,10,0~4,5,0~1,0,Mondrian equivalence class
789,12,45,0,10,1~4,5,0~1,0,Mondrian equivalence class
790,22,46,0,10,1~4,3~5,0~1,0,Mondrian equivalence class
791,14,47,0,10,0~4,3~5,0~1,0,Mondrian equivalence class
792,10,48,0,10,0~4,3~5,0~1,0,Mondrian equivalence class
793,30,49,0,4~9,0~4,0~1,0~1,0,Mondrian equivalence class
794,31,50,0,4~9,0~4,0~1,0~1,0,Mondrian equivalence class
795,52,51~52,0,2~9,0~4,0~1,0~1,0,Mondrian equivalence class
796,27,53,0,4~9,0~4,0~1,0~1,0,Mondrian equivalence class
797,16,54,0,4~9,0~4,0~1,0~1,0,Mondrian equivalence class
798,40,55~56,0,2~9,0~4,0~1,0~1,0,Mondrian equivalence class
799,13,49~50,0,4~9,0~1,2~3,0,0,Mondrian equivalence class
800,12,51,0,4~9,0~1,2~3,0,0,Mondrian equivalence class
801,13,52~53,0,4~9,0~1,3,0,0,Mondrian equivalence class
802,13,54~56,0,6~9,0~1,2~3,0,0,Mondrian equivalence class
803,16,49~56,0,2~9,2~3,2~3,0,0,Mondrian equivalence class
804,11,49~55,0,6~9,4,2~3,0,0,Mondrian equivalence class
805,12,49~52,0,4~9,1~4,2,1,0,Mondrian equivalence class
806,13,49~52,0,5~9,1~4,3,1,0,Mondrian equivalence class
807,26,53~56,0,3~9,0~4,2~3,1,0,Mondrian equivalence class
808,24,49~50,0,5~9,1~4,4,0~1,0,Mondrian equivalence class
809,14,51,0,4~9,1~4,4,1,0,Mondrian equivalence class
810,28,49~51,0,6~9,0~4,5,0~1,0,Mondrian equivalence class
811,30,52,0,6~9,0~4,4~5,0~1,0,Mondrian equivalence class
812,26,53~54,0,2~9,1~4,4,0~1,0,Mondrian equivalence class
813,26,55~56,0,4~9,0~4,4,0~1,0,Mondrian equivalence class
814,21,53~56,0,5~9,0~4,5,0,0,Mondrian equivalence class
815,20,53~56,0,3~9,2~4,5,1,0,Mondrian equivalence class
816,18,57~59,0,3~9,0~3,0~2,0,0,Mondrian equivalence class
817,10,60~61,0,4~9,0~2,0~1,0,0,Mondrian equivalence class
818,17,57~59,0,4~9,0~3,3,0,0,Mondrian equivalence class
819,12,60~61,0,4~9,0~3,3,0,0,Mondrian equivalence class
820,18,57~61,0,4~9,0~2,0~3,1,0,Mondrian equivalence class
821,30,57~59,0,2~9,4,0~1,0~1,0,Mondrian equivalence class
822,19,60~61,0,4~9,4,0~1,0~1,0,Mondrian equivalence class
823,12,57~59,0,4~9,4,2~3,0~1,0,Mondrian equivalence class
824,12,60~61,0,7~9,4,2~3,0~1,0,Mondrian equivalence class
825,13,57~61,0,3~4,1~4,4,1,0,Mondrian equivalence class
826,14,57~61,0,5~8,0~4,4,1,0,Mondrian equivalence class
827,21,57~61,0,9,0~4,4,1,0,Mondrian equivalence class
828,13,57~58,0,4~9,0~3,5,0~1,0,Mondrian equivalence class
829,13,57~58,0,4~9,4,5,0~1,0,Mondrian equivalence class
830,23,59~61,0,4~9,0~4,5,0~1,0,Mondrian equivalence class
831,17,62~67,0,3~9,0,0~3,0,0,Mondrian equivalence class
832,18,68~84,0,4~9,0,0~3,0,0,Mondrian equivalence class
833,19,62~78,0,5~9,0,4~5,0,0,Mondrian equivalence class
834,17,62~65,0,4~9,1~3,0~5,0,0,Mondrian equivalence class
835,18,66~90,0,4~9,1~3,1~5,0,0,Mondrian equivalence class
836,11,63~71,0,4~9,0~3,0~1,1,0,Mondrian equivalence class
837,12,63~90,0,2~9,0~2,3~5,1,0,Mondrian equivalence class
838,17,62~65,0,4~9,4,0~1,1,0,Mondrian equivalence class
839,11,62~65,0,3~9,4,2~3,1,0,Mondrian equivalence class
840,14,68~90,0,4~7,4,0~3,0~1,0,Mondrian equivalence class
841,12,66~90,0,9,4,0~3,1,0,Mondrian equivalence class
842,13,62~63,0,4~9,4,4~5,0~1,0,Mondrian equivalence class
843,13,64~66,0,7~9,4,4~5,0~1,0,Mondrian equivalence class
844,11,67~81,0,2~6,4,4~5,1,0,Mondrian equivalence class
845,11,67~75,0,7~9,4,4~5,0~1,0,Mondrian equivalence class
846,34,49~51,0,10,0~4,0,0~1,0,Mondrian equivalence class
847,30,52~55,0,10,0~4,0,0~1,0,Mondrian equivalence class
848,11,49~52,0,10,0~2,1~2,0~1,0,Mondrian equivalence class
849,12,49~52,0,10,4,1~2,1,0,Mondrian equivalence class
850,15,53~55,0,10,0~4,1~2,0~1,0,Mondrian equivalence class
851,37,49~51,0,10,0~4,3~5,0~1,0,Mondrian equivalence class
852,33,52~55,0,10,0~4,3~5,0~1,0,Mondrian equivalence class
853,23,56~60,0,10,0~4,0~1,0~1,0,Mondrian equivalence class
854,12,57~61,0,10,1~4,2,0~1,0,Mondrian equivalence class
855,10,56~61,0,10,0~4,3,0~1,0,Mondrian equivalence class
856,19,56~58,0,10,1~4,4~5,0~1,0,Mondrian equivalence class
857,16,59~61,0,10,0~4,4~5,0~1,0,Mondrian equivalence class
858,10,62~64,0,10,0~1,0~3,0,0,Mondrian equivalence class
859,11,65~90,0,10,0~2,0~3,0~1,0,Mondrian equivalence class
860,11,62~64,0,10,3~4,0~3,0~1,0,Mondrian equivalence class
861,10,65~79,0,10,4,0~2,0~1,0,Mondrian equivalence class
862,25,62~75,0,10,0~4,4~5,0~1,0,Mondrian equivalence class
863,16,38~43,0,1~3,0~4,1~5,0~1,1~12,Mondrian equivalence class
864,10,44~46,0,2~3,0~4,1~4,0~1,1~12,Mondrian equivalence class
865,12,38~46,0,4~7,1~4,1~5,0~1,1~15,Mondrian equivalence class
866,15,38~45,0,8~10,1~4,0~3,0~1,1~7,Mondrian equivalence class
867,11,39~45,0,9~10,0~4,0~3,0~1,8~15,Mondrian equivalence class
868,11,38~46,0,9~10,2~4,4~5,0~1,1~13,Mondrian equivalence class
869,10,47~63,0,1~4,0~4,1~5,0~1,1,Mondrian equivalence class
870,11,47~66,0,2~4,0~4,1~4,0~1,2~15,Mondrian equivalence class
871,12,48~61,0,5~7,0~4,1~4,0~1,1~13,Mondrian equivalence class
872,17,47~62,0,9~10,1~4,1~5,0~1,1~7,Mondrian equivalence class
873,14,47~67,0,9~10,1~4,0~5,0~1,9~15,Mondrian equivalence class
874,11,38~49,0,5~10,0~2,0~5,0,18~23,Mondrian equivalence class
875,12,38~48,0,2~10,0~2,1~5,0,25~40,Mondrian equivalence class
876,16,38~49,0,1~10,3~4,0~3,0,17~39,Mondrian equivalence class
877,18,38~49,0,4~10,0~4,0~5,1,16~25,Mondrian equivalence class
878,18,40~49,0,1~10,2~4,1~4,1,26~40,Mondrian equivalence class
879,16,50~65,0,2~8,0~4,1~5,0~1,16~21,Mondrian equivalence class
880,16,51~77,0,9~10,0~4,0~5,0~1,16~21,Mondrian equivalence class
881,16,50~78,0,2~10,0~4,0~5,0,23~40,Mondrian equivalence class
882,17,50~59,0,1~10,1~4,0~5,1,23~39,Mondrian equivalence class
883,50,38,0,5~9,1~4,6,0~1,0,Mondrian equivalence class
884,34,39,0,5~9,1~4,6,1,0,Mondrian equivalence class
885,15,40,0,5~9,1~2,6,0~1,0,Mondrian equivalence class
886,16,40,0,6~9,4,6,0~1,0,Mondrian equivalence class
887,35,41,0,4~9,1~4,6,0~1,0,Mondrian equivalence class
888,31,42,0,4~9,0~4,6,0~1,0,Mondrian equivalence class
889,28,43,0,4~9,1~4,6,1,0,Mondrian equivalence class
890,24,44,0,4~9,1~4,6,0~1,0,Mondrian equivalence class
891,29,45,0,7~9,0~4,6,0~1,0,Mondrian equivalence class
892,31,46,0,3~9,1~4,6,0~1,0,Mondrian equivalence class
893,32,47,0,4~9,1~4,6,0~1,0,Mondrian equivalence class
894,23,48,0,5~9,1~4,6,0~1,0,Mondrian equivalence class
895,18,38~43,0,9,0~1,7,0,0,Mondrian equivalence class
896,17,44~45,0,6~9,0~1,7,0,0,Mondrian equivalence class
897,23,46~48,0,7~9,0~1,7,0,0,Mondrian equivalence class
898,13,38~41,0,7~9,1,8~13,0,0,Mondrian equivalence class
899,13,42~48,0,5~9,0~1,9~13,0,0,Mondrian equivalence class
900,15,38~41,0,7~9,2,7~11,0,0,Mondrian equivalence class
901,15,43~48,0,8~9,2,7~13,0,0,Mondrian equivalence class
902,14,38~48,0,5~9,3,7~13,0,0,Mondrian equivalence class
903,19,38~39,0,5~9,1~3,7~11,1,0,Mondrian equivalence class
904,15,40~41,0,4~9,1~3,7~11,1,0,Mondrian equivalence class
905,14,42~44,0,1~9,1~3,7~11,1,0,Mondrian equivalence class
906,11,45~48,0,4~9,1~2,7~11,1,0,Mondrian equivalence class
907,25,38~40,0,4~9,4,7~8,0~1,0,Mondrian equivalence class
908,14,41~42,0,9,4,7~8,0~1,0,Mondrian equivalence class
909,10,43,0,6~9,4,7,0~1,0,Mondrian equivalence class
910,27,44~48,0,5~9,4,7,0~1,0,Mondrian equivalence class
911,12,44~48,0,4~9,4,8,1,0,Mondrian equivalence class
912,20,38~40,0,5~9,4,9~13,0~1,0,Mondrian equivalence class
913,14,41~42,0,7~9,4,9~11,1,0,Mondrian equivalence class
914,31,43~48,0,4~9,4,9~13,0~1,0,Mondrian equivalence class
915,21,38~40,0,10,0~1,6~7,0,0,Mondrian equivalence class
916,14,41~42,0,10,0~1,6~7,0,0,Mondrian equivalence class
917,17,43~44,0,10,0~1,7,0,0,Mondrian equivalence class
918,18,45~48,0,10,0~1,7,0,0,Mondrian equivalence class
919,13,38~42,0,10,2,6~7,0,0,Mondrian equivalence class
920,14,43~48,0,10,2,6~7,0,0,Mondrian equivalence class
921,12,39~48,0,10,3,7,0,0,Mondrian equivalence class
922,19,38~43,0,10,1,6~7,1,0,Mondrian equivalence class
923,11,44~48,0,10,1,6~7,1,0,Mondrian equivalence class
924,13,39~44,0,10,2~3,6~7,1,0,Mondrian equivalence class
925,14,38,0,10,4,6,1,0,Mondrian equivalence class
926,15,39~40,0,10,4,6,1,0,Mondrian equivalence class
927,23,41~42,0,10,4,6,1,0,Mondrian equivalence class
928,10,38~42,0,10,4,7,0,0,Mondrian equivalence class
929,10,39~42,0,10,4,7,1,0,Mondrian equivalence class
930,20,43~44,0,10,4,6,1,0,Mondrian equivalence class
931,11,45,0,10,4,6,1,0,Mondrian equivalence class
932,21,46~48,0,10,4,6,1,0,Mondrian equivalence class
933,18,43~48,0,10,4,7,0~1,0,Mondrian equivalence class
934,18,38~41,0,10,1~4,8~9,0~1,0,Mondrian equivalence class
935,10,42,0,10,1~4,8~9,0~1,0,Mondrian equivalence class
936,11,43~45,0,10,1~4,8~9,0~1,0,Mondrian equivalence class
937,11,46~48,0,10,1~4,8~9,0~1,0,Mondrian equivalence class
938,14,39~48,0,10,1~2,10~13,0~1,0,Mondrian equivalence class
939,14,38~48,0,10,3~4,10~11,0~1,0,Mondrian equivalence class
940,63,49~50,0,3~9,1~4,6,0~1,0,Mondrian equivalence class
941,32,51,0,4~9,1~4,6,0~1,0,Mondrian equivalence class
942,25,52,0,4~9,0~4,6,0~1,0,Mondrian equivalence class
943,28,53,0,3~9,0~4,6,0~1,0,Mondrian equivalence class
944,20,54,0,4~9,1~4,6,0~1,0,Mondrian equivalence class
945,26,55,0,3~9,0~4,6,0~1,0,Mondrian equivalence class
946,27,49~52,0,4~9,0~1,7~13,0,0,Mondrian equivalence class
947,10,53~54,0,6~9,0~1,7~13,0,0,Mondrian equivalence class
948,11,55,0,7~9,0~1,7~11,0,0,Mondrian equivalence class
949,12,49~54,0,3~9,2,7~11,0,0,Mondrian equivalence class
950,10,49~55,0,6~9,3,7~13,0,0,Mondrian equivalence class
951,14,49~55,0,3~9,0~2,7~9,1,0,Mondrian equivalence class
952,14,49~55,0,3~9,1~3,10~11,1,0,Mondrian equivalence class
953,12,49~50,0,9,4,7~8,0~1,0,Mondrian equivalence class
954,11,51,0,9,4,7~8,0~1,0,Mondrian equivalence class
955,23,52~55,0,1~9,4,7~8,0~1,0,Mondrian equivalence class
956,13,49~50,0,4~9,4,9~13,0~1,0,Mondrian equivalence class
957,11,51,0,3~9,4,9~11,1,0,Mondrian equivalence class
958,10,52~55,0,5~9,4,9~13,0~1,0,Mondrian equivalence class
959,25,56,0,2~9,1~4,6,0~1,0,Mondrian equivalence class
960,15,57,0,3~9,1~4,6,1,0,Mondrian equivalence class
961,36,58~59,0,4~9,0~4,6,0~1,0,Mondrian equivalence class
962,17,56~57,0,9,0~2,7,0,0,Mondrian equivalence class
963,16,58~59,0,7~9,0~4,7,0,0,Mondrian equivalence class
964,13,56~59,0,4~9,0~4,7,1,0,Mondrian equivalence class
965,24,60~61,0,4~9,0~4,6,0~1,0,Mondrian equivalence class
966,20,62~63,0,4~9,0~4,6,0~1,0,Mondrian equivalence class
967,10,60~63,0,9,0~2,7,0,0,Mondrian equivalence class
968,11,60~63,0,6~9,4,7,0~1,0,Mondrian equivalence class
969,18,64~69,0,3~9,0~2,6~7,0~1,0,Mondrian equivalence class
970,11,70~90,0,1~9,0~2,6~7,0~1,0,Mondrian equivalence class
971,15,64~90,0,3~7,4,6~7,1,0,Mondrian equivalence class
972,11,64~75,0,9,4,6~7,1,0,Mondrian equivalence class
973,10,56~65,0,2~6,0~2,8~13,0,0,Mondrian equivalence class
974,11,66~81,0,2~6,0~1,10~13,0,0,Mondrian equivalence class
975,16,59~74,0,7~9,0~2,8~13,0,0,Mondrian equivalence class
976,14,56~90,0,3~7,0~2,8~11,1,0,Mondrian equivalence class
977,14,56~83,0,9,0~2,8~11,1,0,Mondrian equivalence class
978,16,56~61,0,2~6,3~4,8~13,0~1,0,Mondrian equivalence class
979,14,56~61,0,9,4,8~11,0~1,0,Mondrian equivalence class
980,15,62~76,0,4~9,3~4,8~10,1,0,Mondrian equivalence class
981,13,62~82,0,4~9,4,11~13,0~1,0,Mondrian equivalence class
982,17,49~50,0,10,1~4,6,0~1,0,Mondrian equivalence class
983,17,49~50,0,10,1~4,7,0~1,0,Mondrian equivalence class
984,30,51~52,0,10,0~4,6~7,0~1,0,Mondrian equivalence class
985,10,53,0,10,0~2,6~7,0~1,0,Mondrian equivalence class
986,11,54~55,0,10,0~2,6~7,0~1,0,Mondrian equivalence class
987,22,53~55,0,10,3~4,6~7,0~1,0,Mondrian equivalence class
988,16,49~52,0,10,1~4,8~11,0~1,0,Mondrian equivalence class
989,14,53~55,0,10,0~4,8~10,0~1,0,Mondrian equivalence class
990,12,57~60,0,10,0~2,6~10,0,0,Mondrian equivalence class
991,13,61~64,0,10,0~2,7~13,0,0,Mondrian equivalence class
992,10,65~80,0,10,0,7~13,0,0,Mondrian equivalence class
993,10,65~88,0,10,1~2,7~13,0,0,Mondrian equivalence class
994,12,57~70,0,10,0~2,6~11,1,0,Mondrian equivalence class
995,10,56~57,0,10,4,6~7,0~1,0,Mondrian equivalence class
996,11,58~59,0,10,3~4,6~7,0~1,0,Mondrian equivalence class
997,16,60~79,0,10,3~4,6~7,0~1,0,Mondrian equivalence class
998,17,56~72,0,10,3~4,8~11,0~1,0,Mondrian equivalence class
999,17,38~47,0,2~9,1~4,6~7,0~1,1~12,Mondrian equivalence class
1000,18,38~48,0,2~9,1~4,8~13,0~1,1~10,Mondrian equivalence class
1001,10,39~47,0,10,1~4,6~9,0~1,1~9,Mondrian equivalence class
1002,10,50~54,0,1~5,3~4,6~13,0~1,1~12,Mondrian equivalence class
1003,11,49~55,0,9~10,1~4,6~11,0~1,1~12,Mondrian equivalence class
1004,10,56~90,0,3~10,0~4,6~7,0~1,1~12,Mondrian equivalence class
1005,11,57~75,0,1~10,1~4,8~13,0~1,1~12,Mondrian equivalence class
1006,14,38~47,0,5~10,1~3,6~13,0~1,13~26,Mondrian equivalence class
1007,10,40~48,0,3~10,0~3,7~13,0~1,27~39,Mondrian equivalence class
1008,12,38~48,0,3~10,4,6~11,0~1,13~22,Mondrian equivalence class
1009,11,38~48,0,1~10,4,6~11,0~1,23~34,Mondrian equivalence class
1010,10,51~72,0,2~10,0~2,6~13,0~1,15~21,Mondrian equivalence class
1011,11,53~66,0,1~10,0~2,6~13,0~1,25~36,Mondrian equivalence class
1012,10,49~64,0,2~8,3~4,6~11,0~1,13~33,Mondrian equivalence class
1013,10,51~90,0,9~10,4,6~11,0~1,15~36,Mondrian equivalence class
1014,16,38~64,0,4~10,5~6,0~5,0,0,Mondrian equivalence class
1015,11,39~54,0,3~10,5,0~5,0,1~29,Mondrian equivalence class
1016,20,41~79,0,1~10,5,1~5,1,0~31,Mondrian equivalence class
1017,19,38~63,0,1~10,5~6,6~8,0~1,0,Mondrian equivalence class
1018,18,38~59,0,2~9,5,6~13,0~1,1~28,Mondrian equivalence class
1019,37,38,0,11~13,1~4,0,0~1,0,Mondrian equivalence class
1020,19,39,0,11~13,1~2,0,0~1,0,Mondrian equivalence class
1021,16,39,0,11~13,4,0,0~1,0,Mondrian equivalence class
1022,21,40,0,11~13,0~4,0,0~1,0,Mondrian equivalence class
1023,20,41,0,11~13,0~4,0,0~1,0,Mondrian equivalence class
1024,28,42,0,11~13,1~4,0,0~1,0,Mondrian equivalence class
1025,30,43,0,11~13,1~4,0,0~1,0,Mondrian equivalence class
1026,29,44,0,11~13,1~4,0,0~1,0,Mondrian equivalence class
1027,28,45,0,11~13,0~4,0,0~1,0,Mondrian equivalence class
1028,29,38,0,11~13,1~4,1~2,0~1,0,Mondrian equivalence class
1029,22,39,0,11~13,1~4,1~2,0~1,0,Mondrian equivalence class
1030,52,40~41,0,11~13,1~4,1~2,0~1,0,Mondrian equivalence class
1031,10,42,0,11~13,1~3,2,0~1,0,Mondrian equivalence class
1032,10,42,0,11~13,4,1~2,0~1,0,Mondrian equivalence class
1033,18,43,0,11~13,1~4,1~2,0~1,0,Mondrian equivalence class
1034,26,44,0,12~13,0~4,1~2,0~1,0,Mondrian equivalence class
1035,12,45,0,11~13,0~2,2,0~1,0,Mondrian equivalence class
1036,13,45,0,11~13,4,1~2,1,0,Mondrian equivalence class
1037,20,38~39,0,14,2~4,0,0~1,0,Mondrian equivalence class
1038,11,40,0,14,2~4,0,0~1,0,Mondrian equivalence class
1039,17,41~42,0,14,1~4,0,0~1,0,Mondrian equivalence class
1040,15,43,0,14,0~4,0,0~1,0,Mondrian equivalence class
1041,12,44,0,14,1~4,0,0~1,0,Mondrian equivalence class
1042,14,45,0,14,1~4,0,0~1,0,Mondrian equivalence class
1043,20,38~39,0,14,1~4,2,0~1,0,Mondrian equivalence class
1044,10,40~41,0,14,0~2,2,0~1,0,Mondrian equivalence class
1045,11,40~41,0,14,4,1~2,0~1,0,Mondrian equivalence class
1046,19,42~43,0,14,1~4,2,0~1,0,Mondrian equivalence class
1047,14,44~45,0,14,1~4,2,0~1,0,Mondrian equivalence class
1048,18,38~39,0,15,1~4,0~2,0~1,0,Mondrian equivalence class
1049,15,40~41,0,15,1~4,0~2,0~1,0,Mondrian equivalence class
1050,13,39~41,0,16,1~4,0~2,0~1,0,Mondrian equivalence class
1051,17,42~45,0,15,1~4,0~2,0~1,0,Mondrian equivalence class
1052,18,42~45,0,16,1~4,0~2,0~1,0,Mondrian equivalence class
1053,18,46,0,11~13,1~4,0,0~1,0,Mondrian equivalence class
1054,17,47,0,11~13,1~4,0,0~1,0,Mondrian equivalence class
1055,36,48~49,0,11~13,1~4,0,0~1,0,Mondrian equivalence class
1056,18,50,0,11~13,0~4,0,0~1,0,Mondrian equivalence class
1057,14,51,0,11~13,1~4,0,0~1,0,Mondrian equivalence class
1058,16,52,0,11~13,3~4,0,0~1,0,Mondrian equivalence class
1059,18,46~47,0,11~13,0~3,1~2,0~1,0,Mondrian equivalence class
1060,19,46~47,0,11~13,4,1~2,1,0,Mondrian equivalence class
1061,18,48~49,0,11~13,0~4,1~2,0~1,0,Mondrian equivalence class
1062,29,50~51,0,11~13,0~4,1~2,0~1,0,Mondrian equivalence class
1063,11,52,0,11~13,1~4,2,0~1,0,Mondrian equivalence class
1064,23,46~48,0,14,1~4,0,0~1,0,Mondrian equivalence class
1065,24,46~48,0,14,0~4,2,0~1,0,Mondrian equivalence class
1066,23,49~51,0,14,1~4,0~1,0~1,0,Mondrian equivalence class
1067,14,49~50,0,14,1~4,2,0~1,0,Mondrian equivalence class
1068,10,51~52,0,14,1~4,2,0~1,0,Mondrian equivalence class
1069,17,46~48,0,15,1~4,0~2,0~1,0,Mondrian equivalence class
1070,11,46~48,0,16,1~4,0~2,0~1,0,Mondrian equivalence class
1071,19,49~52,0,15~16,1~4,0~2,0~1,0,Mondrian equivalence class
1072,17,53,0,11~13,1~4,0,0~1,0,Mondrian equivalence class
1073,11,54,0,11~13,0~4,0,0~1,0,Mondrian equivalence class
1074,10,55,0,11~13,3~4,0,1,0,Mondrian equivalence class
1075,13,56~57,0,11~13,1~4,0,0~1,0,Mondrian equivalence class
1076,10,58,0,11~13,0~4,0,0~1,0,Mondrian equivalence class
1077,11,53~54,0,11~13,1~4,1~2,0~1,0,Mondrian equivalence class
1078,11,55~56,0,11~13,1~4,1~2,0~1,0,Mondrian equivalence class
1079,17,57~58,0,11~13,0~4,1~2,0~1,0,Mondrian equivalence class
1080,23,53~58,0,14,1~4,0,0~1,0,Mondrian equivalence class
1081,10,53~58,0,14,1~3,2,0~1,0,Mondrian equivalence class
1082,11,53~58,0,14,4,2,0~1,0,Mondrian equivalence class
1083,23,53~58,0,15~16,1~4,0~2,0~1,0,Mondrian equivalence class
1084,13,59~61,0,12~13,0~4,0,0~1,0,Mondrian equivalence class
1085,11,62~63,0,11~13,0~4,0,0~1,0,Mondrian equivalence class
1086,18,59~63,0,11~13,1~4,2,0~1,0,Mondrian equivalence class
1087,19,59~63,0,14,0~4,0~2,0~1,0,Mondrian equivalence class
1088,12,59~62,0,15~16,1~4,0~2,0~1,0,Mondrian equivalence class
1089,10,64~68,0,11~13,0~2,0~2,0~1,0,Mondrian equivalence class
1090,11,64~68,0,12~13,4,0~2,1,0,Mondrian equivalence class
1091,18,64~68,0,14~16,0~4,0~2,0~1,0,Mondrian equivalence class
1092,15,69~76,0,11~16,0~4,0~2,0~1,0,Mondrian equivalence class
1093,11,77~90,0,13~16,2~4,0~2,0~1,0,Mondrian equivalence class
1094,17,38~47,0,11~16,2~4,0~2,0~1,1~7,Mondrian equivalence class
1095,18,38~47,0,13~16,0~4,0~2,0~1,9~15,Mondrian equivalence class
1096,16,48~53,0,13~16,2~4,0~2,0~1,1~14,Mondrian equivalence class
1097,17,54~85,0,11~16,0~4,0~2,0~1,1~15,Mondrian equivalence class
1098,16,38~44,0,12~16,2~4,0~2,0~1,16~20,Mondrian equivalence class
1099,12,38~44,0,11~16,1~4,0~2,0~1,26~40,Mondrian equivalence class
1100,15,45~51,0,11~14,1~4,0~2,0~1,16~36,Mondrian equivalence class
1101,14,53~90,0,12~16,1~4,0~2,0~1,18~37,Mondrian equivalence class
1102,28,38,0,11~13,1~4,3~5,0~1,0,Mondrian equivalence class
1103,23,39,0,11~13,1~4,3~5,0~1,0,Mondrian equivalence class
1104,13,40,0,11~13,1~2,3~5,0~1,0,Mondrian equivalence class
1105,10,40,0,11~13,3~4,3~5,1,0,Mondrian equivalence class
1106,38,41~42,0,11~13,0~4,3~5,0~1,0,Mondrian equivalence class
1107,19,43,0,11~13,1~4,3~5,0~1,0,Mondrian equivalence class
1108,19,44,0,11~13,1~4,3~5,0~1,0,Mondrian equivalence class
1109,18,45,0,11~13,1~4,3~5,0~1,0,Mondrian equivalence class
1110,18,46,0,11~13,1~4,3~5,0~1,0,Mondrian equivalence class
1111,13,38~39,0,11,1~4,6,1,0,Mondrian equivalence class
1112,14,40~42,0,11,1~4,6,0~1,0,Mondrian equivalence class
1113,10,38~42,0,12,1~4,6,0~1,0,Mondrian equivalence class
1114,11,43~44,0,11,2~4,6,1,0,Mondrian equivalence class
1115,11,45~46,0,11,1~4,6,1,0,Mondrian equivalence class
1116,15,43~46,0,12,1~4,6,0~1,0,Mondrian equivalence class
1117,14,38~42,0,13,1~4,6,0~1,0,Mondrian equivalence class
1118,15,43~46,0,13,1~4,6,1,0,Mondrian equivalence class
1119,14,38~46,0,14~16,1~4,3~6,0~1,0,Mondrian equivalence class
1120,19,47,0,11~13,0~4,3~5,0~1,0,Mondrian equivalence class
1121,15,48,0,11~13,1~4,3~5,0~1,0,Mondrian equivalence class
1122,12,49,0,11~13,1~4,3~5,0~1,0,Mondrian equivalence class
1123,23,50~51,0,11~13,1~4,3~5,0~1,0,Mondrian equivalence class
1124,11,52,0,11~13,0~4,3~5,0~1,0,Mondrian equivalence class
1125,19,47~52,0,11~12,1~4,6,1,0,Mondrian equivalence class
1126,17,47~52,0,13,0~4,6,0~1,0,Mondrian equivalence class
1127,16,47~51,0,14~16,1~4,4~6,0~1,0,Mondrian equivalence class
1128,20,53~55,0,11~13,1~4,3~5,0~1,0,Mondrian equivalence class
1129,17,56~59,0,11~13,1~4,3~5,0~1,0,Mondrian equivalence class
1130,11,53~59,0,11,2~4,6,1,0,Mondrian equivalence class
1131,11,53~59,0,12~13,1~4,6,0~1,0,Mondrian equivalence class
1132,10,53~59,0,14~16,1~4,4~6,0~1,0,Mondrian equivalence class
1133,18,60~61,0,11~15,0~4,3~6,0~1,0,Mondrian equivalence class
1134,12,62~64,0,11~15,0~4,3~6,0~1,0,Mondrian equivalence class
1135,16,65~67,0,11~14,0~4,3~5,0~1,0,Mondrian equivalence class
1136,14,68~90,0,11~14,0~4,3~6,0~1,0,Mondrian equivalence class
1137,18,38~45,0,11~12,0~1,7,0,0,Mondrian equivalence class
1138,11,39~45,0,13~14,1,7,0,0,Mondrian equivalence class
1139,15,39~45,0,11~12,2~4,7,0,0,Mondrian equivalence class
1140,15,38~44,0,13~14,2~4,7,0,0,Mondrian equivalence class
1141,22,38~40,0,11~13,1~4,7,1,0,Mondrian equivalence class
1142,13,41~43,0,11~14,1~4,7,1,0,Mondrian equivalence class
1143,10,44~45,0,11~16,1~4,7,1,0,Mondrian equivalence class
1144,14,38~41,0,11,1~4,8~9,0~1,0,Mondrian equivalence class
1145,10,39~41,0,12,2~4,8~9,0~1,0,Mondrian equivalence class
1146,15,42~45,0,11~12,0~4,8~9,0~1,0,Mondrian equivalence class
1147,19,38~41,0,13,1~4,8~9,0~1,0,Mondrian equivalence class
1148,20,42~45,0,13~14,1~4,8~9,0~1,0,Mondrian equivalence class
1149,13,38~45,0,11~13,1~4,10~13,0~1,0,Mondrian equivalence class
1150,17,46~53,0,11~12,0~3,7~9,0,0,Mondrian equivalence class
1151,11,46~53,0,13,0~3,7~13,0,0,Mondrian equivalence class
1152,19,46~53,0,11~15,1~2,7~13,1,0,Mondrian equivalence class
1153,13,46~47,0,11~14,4,7~11,0~1,0,Mondrian equivalence class
1154,11,48~49,0,11~15,4,7~11,0~1,0,Mondrian equivalence class
1155,21,50~53,0,11~14,4,7~11,0~1,0,Mondrian equivalence class
1156,12,54~58,0,11~14,0~2,7,0~1,0,Mondrian equivalence class
1157,11,59~86,0,11~15,0~2,7,0~1,0,Mondrian equivalence class
1158,12,55~59,0,11~14,3~4,7,0~1,0,Mondrian equivalence class
1159,10,60~76,0,11~13,4,7,0~1,0,Mondrian equivalence class
1160,16,54~59,0,11~14,0~4,8~10,0~1,0,Mondrian equivalence class
1161,16,60~75,0,11~14,0~4,8~13,0~1,0,Mondrian equivalence class
1162,11,38~45,0,11~15,0~4,3~6,0~1,1~9,Mondrian equivalence class
1163,12,46~66,0,11~15,2~4,3~6,0~1,1~9,Mondrian equivalence class
1164,10,38~45,0,13~15,1~4,7,0~1,1~7,Mondrian equivalence class
1165,11,46~63,0,11~14,2~4,7~11,0~1,1~9,Mondrian equivalence class
1166,10,38~44,0,11~15,1~4,3~5,0~1,10~30,Mondrian equivalence class
1167,10,45~64,0,11~13,0~4,3~5,0~1,10~27,Mondrian equivalence class
1168,10,38~46,0,12~14,1~4,6~11,0~1,13~36,Mondrian equivalence class
1169,11,47~78,0,11~14,0~4,6~13,0~1,10~25,Mondrian equivalence class
1170,19,40~67,0,11~16,5,0~3,0~1,0~35,Mondrian equivalence class
1171,13,38~63,0,11~14,5,4~11,0~1,0~28,Mondrian equivalence class
1172,16,38~45,1~2,5~9,1~4,0~2,0~1,0,Mondrian equivalence class
1173,17,38~45,3,9,3~4,0,1,0,Mondrian equivalence class
1174,30,46~51,1~3,6~9,0~4,0~2,0~1,0,Mondrian equivalence class
1175,10,38~40,1,7~9,1~2,3~4,0~1,0,Mondrian equivalence class
1176,11,41~51,1~2,4~9,1~2,3~5,0~1,0,Mondrian equivalence class
1177,17,38~51,1~2,4~9,3~4,3~4,0~1,0,Mondrian equivalence class
1178,11,38~44,3,9,1~4,3~5,0~1,0,Mondrian equivalence class
1179,11,45~51,3,7~9,1~4,3~5,1,0,Mondrian equivalence class
1180,20,38~45,4,4~9,1~4,0,0~1,0,Mondrian equivalence class
1181,18,46~51,4,4~9,1~4,0,0~1,0,Mondrian equivalence class
1182,19,38~51,4,5~9,1~4,1~3,0~1,0,Mondrian equivalence class
1183,13,38~40,4,3~9,1~4,4~5,0~1,0,Mondrian equivalence class
1184,13,41~44,4,4~9,1~4,4~5,0~1,0,Mondrian equivalence class
1185,11,46~49,4,3~9,1~4,4~5,0~1,0,Mondrian equivalence class
1186,12,50~51,4,6~9,0~4,4~5,0~1,0,Mondrian equivalence class
1187,15,38~44,1~2,10,0~4,0,0~1,0,Mondrian equivalence class
1188,15,38~44,3,10,2~4,0,1,0,Mondrian equivalence class
1189,16,45~49,1~3,10,1~4,0,0~1,0,Mondrian equivalence class
1190,10,50~51,2~3,10,1~4,0,0~1,0,Mondrian equivalence class
1191,16,39~51,1~2,10,1~3,1~5,0~1,0,Mondrian equivalence class
1192,16,38~51,1~2,10,4,1~5,0~1,0,Mondrian equivalence class
1193,11,38~45,3,10,1~4,1~5,1,0,Mondrian equivalence class
1194,11,46~51,3,10,3~4,2~5,0~1,0,Mondrian equivalence class
1195,16,38~45,4,10,1~4,0~1,0~1,0,Mondrian equivalence class
1196,10,38~45,4,10,1~4,2,0~1,0,Mondrian equivalence class
1197,18,46~51,4,10,1~4,0~2,0~1,0,Mondrian equivalence class
1198,18,38~50,4,10,0~3,3~5,0~1,0,Mondrian equivalence class
1199,16,38~51,4,10,4,3~5,0~1,0,Mondrian equivalence class
1200,11,52~57,1~2,8~9,0~4,0~3,0,0,Mondrian equivalence class
1201,10,52~59,1~2,8~9,1~4,0~3,1,0,Mondrian equivalence class
1202,17,52~59,3,4~9,0~4,0~2,0~1,0,Mondrian equivalence class
1203,10,52~56,4,2~9,1~4,0,1,0,Mondrian equivalence class
1204,10,57~59,4,6~9,0~4,0,0~1,0,Mondrian equivalence class
1205,13,52~59,4,4~9,0~4,2~3,0~1,0,Mondrian equivalence class
1206,28,52~55,1~4,6~9,0~4,4~5,0~1,0,Mondrian equivalence class
1207,16,56~59,1~3,4~9,1~4,4~5,0~1,0,Mondrian equivalence class
1208,13,56~59,4,2~9,1~4,4~5,0~1,0,Mondrian equivalence class
1209,16,60~64,1~4,4~9,0~4,0,0~1,0,Mondrian equivalence class
1210,16,60~64,1~4,4~9,0~4,1~3,0~1,0,Mondrian equivalence class
1211,17,60~61,1~4,3~9,1~4,4~5,0~1,0,Mondrian equivalence class
1212,12,62~64,3~4,2~9,0~4,4~5,0~1,0,Mondrian equivalence class
1213,11,65~68,1~3,4~9,0~4,0~3,0~1,0,Mondrian equivalence class
1214,10,69~81,1~3,2~9,0~4,0~3,0~1,0,Mondrian equivalence class
1215,12,65~83,1~3,4~9,0~4,4~5,1,0,Mondrian equivalence class
1216,14,65~90,4,4~9,1~4,0~2,0~1,0,Mondrian equivalence class
1217,14,65~85,4,4~9,0~4,3~5,0~1,0,Mondrian equivalence class
1218,14,52~59,1~2,10,0~4,0~2,0~1,0,Mondrian equivalence class
1219,12,52~59,3,10,0~4,0,1,0,Mondrian equivalence class
1220,15,52~58,2~3,10,0~4,3~5,0~1,0,Mondrian equivalence class
1221,19,52~56,4,10,1~4,0~5,0~1,0,Mondrian equivalence class
1222,11,57~59,4,10,0~4,0~5,0~1,0,Mondrian equivalence class
1223,19,60~77,1~3,10,0~4,0,0~1,0,Mondrian equivalence class
1224,15,60~84,1~3,10,0~4,2~5,0~1,0,Mondrian equivalence class
1225,18,60~74,4,10,2~4,0~3,0~1,0,Mondrian equivalence class
1226,15,60~77,4,10,0~4,4~5,0~1,0,Mondrian equivalence class
1227,11,40~49,5,4~9,1,0~3,0~1,0,Mondrian equivalence class
1228,11,39~49,5,2~9,2~3,0~3,0~1,0,Mondrian equivalence class
1229,10,39~44,5,5~9,4,0~3,1,0,Mondrian equivalence class
1230,10,45~48,5~6,7~9,4,0~3,0~1,0,Mondrian equivalence class
1231,10,38~41,5,7~9,1~4,4,0~1,0,Mondrian equivalence class
1232,11,42~49,5,4~9,0~4,4,0~1,0,Mondrian equivalence class
1233,19,38~49,5,10,1~4,0,0~1,0,Mondrian equivalence class
1234,10,38~47,5,10,1~4,2,0~1,0,Mondrian equivalence class
1235,17,38~49,5,10,1~4,3~5,0~1,0,Mondrian equivalence class
1236,17,50~57,5,1~9,0~4,0~3,0,0,Mondrian equivalence class
1237,15,50~57,5,1~9,1~4,0~3,1,0,Mondrian equivalence class
1238,13,50~57,5,4~9,4,4,1,0,Mondrian equivalence class
1239,22,58~65,5~6,4~9,0~4,0~4,0~1,0,Mondrian equivalence class
1240,18,66~90,5,4~9,0~4,0~4,0~1,0,Mondrian equivalence class
1241,13,50~73,5,10,1~3,0~4,0,0,Mondrian equivalence class
1242,12,50~69,5,10,0~4,0~4,1,0,Mondrian equivalence class
1243,18,38~51,3~5,4~10,0~4,0~5,0~1,1~10,Mondrian equivalence class
1244,18,53~73,2~5,2~10,0~4,0~5,0~1,1~10,Mondrian equivalence class
1245,19,38~47,3~5,3~10,1~4,0~5,0~1,12~38,Mondrian equivalence class
1246,18,49~67,1~5,2~10,0~4,0~5,0~1,12~34,Mondrian equivalence class
1247,12,38~44,1~2,9,1,6~7,0~1,0,Mondrian equivalence class
1248,11,38~44,1~2,9,2,6~7,0~1,0,Mondrian equivalence class
1249,12,38~39,1~2,7~9,4,6~7,0~1,0,Mondrian equivalence class
1250,11,40~44,1~2,9,4,6~7,0~1,0,Mondrian equivalence class
1251,11,45~47,1~2,9,1~3,7,0~1,0,Mondrian equivalence class
1252,12,45~47,1~2,9,4,6~7,0~1,0,Mondrian equivalence class
1253,13,48~49,1~2,7~9,0~4,6~7,0~1,0,Mondrian equivalence class
1254,20,39~49,3,4~9,1~4,6~7,0~1,0,Mondrian equivalence class
1255,13,41~49,1,7~9,1~4,9~11,0~1,0,Mondrian equivalence class
1256,13,38~48,2~3,6~9,1~4,8~11,0~1,0,Mondrian equivalence class
1257,10,38,4,7~9,2~4,6,1,0,Mondrian equivalence class
1258,11,39~40,4,5~9,1~4,6,0~1,0,Mondrian equivalence class
1259,10,41~42,4,4~9,1~4,6,1,0,Mondrian equivalence class
1260,10,43,4,5~9,1~4,6,1,0,Mondrian equivalence class
1261,11,44~45,4,3~9,1~4,6,1,0,Mondrian equivalence class
1262,12,46~49,4,6~9,1~4,6,1,0,Mondrian equivalence class
1263,26,38~43,4,7~9,1~4,7~11,0~1,0,Mondrian equivalence class
1264,22,44~49,4,5~9,0~4,8~11,1,0,Mondrian equivalence class
1265,17,39~49,1,10,1~2,7~10,0,0,Mondrian equivalence class
1266,14,38~49,2,10,0~2,7~11,0,0,Mondrian equivalence class
1267,13,39~49,1~3,10,1~2,6~11,1,0,Mondrian equivalence class
1268,12,38~44,1~3,10,4,6~7,0~1,0,Mondrian equivalence class
1269,11,45~49,1~3,10,4,6~7,0~1,0,Mondrian equivalence class
1270,10,39~49,1~3,10,4,8,1,0,Mondrian equivalence class
1271,11,38~49,1~2,10,3~4,9~11,0~1,0,Mondrian equivalence class
1272,10,38~42,4,10,1~3,6,1,0,Mondrian equivalence class
1273,10,40~43,4,10,4,6,1,0,Mondrian equivalence class
1274,16,44~49,4,10,0~4,6,0~1,0,Mondrian equivalence class
1275,13,38~42,4,10,1~4,8~11,0~1,0,Mondrian equivalence class
1276,14,43~49,4,10,1~4,7~9,0~1,0,Mondrian equivalence class
1277,13,50~51,1~2,6~9,1~4,6~7,0~1,0,Mondrian equivalence class
1278,11,52~53,1~2,9,1~4,6~7,0~1,0,Mondrian equivalence class
1279,11,54~58,1~2,7~9,0~3,6~7,0,0,Mondrian equivalence class
1280,11,54~58,1~2,6~9,2~4,6~7,1,0,Mondrian equivalence class
1281,22,50~54,3~4,3~9,0~4,6,1,0,Mondrian equivalence class
1282,11,55~56,4,5~9,0~4,6~7,0~1,0,Mondrian equivalence class
1283,11,57~58,3~4,4~9,0~4,6~7,0~1,0,Mondrian equivalence class
1284,21,50~53,3~4,4~9,1~4,8,1,0,Mondrian equivalence class
1285,19,54~58,1~4,4~9,0~4,8,0~1,0,Mondrian equivalence class
1286,11,50~55,1~4,3~9,0~4,9~10,0~1,0,Mondrian equivalence class
1287,19,59~64,1~3,5~9,0~4,6~7,0~1,0,Mondrian equivalence class
1288,18,59~64,4,2~9,0~4,6~7,0~1,0,Mondrian equivalence class
1289,16,59~63,1~4,3~7,0~4,8,0~1,0,Mondrian equivalence class
1290,17,59~64,1~4,9,0~4,8~11,0~1,0,Mondrian equivalence class
1291,33,65~69,1~4,3~9,0~4,6~10,0~1,0,Mondrian equivalence class
1292,16,70~73,1~4,2~9,0~4,6~10,0~1,0,Mondrian equivalence class
1293,15,74~90,1~4,4~9,0~4,6~11,0~1,0,Mondrian equivalence class
1294,16,50~56,1~2,10,1~2,7~11,0~1,0,Mondrian equivalence class
1295,16,50~55,1~2,10,3~4,6~10,0~1,0,Mondrian equivalence class
1296,14,50~56,3~4,10,0~4,6~7,0~1,0,Mondrian equivalence class
1297,14,50~56,3~4,10,1~4,8~10,0~1,0,Mondrian equivalence class
1298,22,57~61,1~4,10,0~4,6~8,0~1,0,Mondrian equivalence class
1299,16,62~78,1~4,10,0~4,6~8,0~1,0,Mondrian equivalence class
1300,12,57~73,1~4,10,0~4,9~10,0~1,0,Mondrian equivalence class
1301,18,38~42,5,4~9,1~4,6~7,0~1,0,Mondrian equivalence class
1302,19,43~49,5,9,1~4,6~7,0~1,0,Mondrian equivalence class
1303,15,38~49,5,4~9,0~3,8~11,0~1,0,Mondrian equivalence class
1304,16,38~49,5,6~9,4,9~11,0~1,0,Mondrian equivalence class
1305,18,38~49,5,10,0~4,7,0,0,Mondrian equivalence class
1306,13,41~47,5,10,1~4,6~7,1,0,Mondrian equivalence class
1307,14,38~42,5,10,1~4,8~11,0~1,0,Mondrian equivalence class
1308,14,43~49,5,10,1~4,9~11,0~1,0,Mondrian equivalence class
1309,13,50~52,5~6,6~9,1~4,6~7,0~1,0,Mondrian equivalence class
1310,11,53~55,5,6~9,0~4,6~7,0~1,0,Mondrian equivalence class
1311,14,56~75,5,9,0~4,7,0,0,Mondrian equivalence class
1312,11,56~69,5,4~9,0~4,6~7,1,0,Mondrian equivalence class
1313,17,50~58,5,2~9,0~4,8~11,0~1,0,Mondrian equivalence class
1314,14,59~76,5~6,4~9,0~4,8~11,0~1,0,Mondrian equivalence class
1315,11,50~76,5,10,0~1,7,0,0,Mondrian equivalence class
1316,11,50~61,5,10,4,6~7,0~1,0,Mondrian equivalence class
1317,11,50~59,5,10,1~4,8~10,1,0,Mondrian equivalence class
1318,13,38~73,2~4,3~10,1~4,6~8,0~1,1~12,Mondrian equivalence class
1319,11,38~67,5~6,3~10,0~4,6~11,0~1,1~12,Mondrian equivalence class
1320,10,42~47,2~5,9~10,4,6~9,0~1,14~31,Mondrian equivalence class
1321,10,48~82,1~4,2~10,0~4,6~9,0~1,13~36,Mondrian equivalence class
1322,16,38~75,1~5,4~10,5~6,0~6,0~1,0~38,Mondrian equivalence class
1323,13,40~77,2~6,4~10,5,7~11,0~1,0~16,Mondrian equivalence class
1324,12,38~42,1,12~13,1~4,0,0~1,0,Mondrian equivalence class
1325,13,43~48,1,11~13,1~4,0,0~1,0,Mondrian equivalence class
1326,14,38~43,1,11~13,1~4,2,0~1,0,Mondrian equivalence class
1327,10,44~48,1,11~13,1~4,2,0~1,0,Mondrian equivalence class
1328,14,38~41,2,11~13,1~4,0~2,0~1,0,Mondrian equivalence class
1329,11,42~43,2,11~13,1~4,0~2,0~1,0,Mondrian equivalence class
1330,17,44~48,2,12~13,1~4,0~2,0~1,0,Mondrian equivalence class
1331,11,38~43,1,14,1~2,0~2,0~1,0,Mondrian equivalence class
1332,10,38~43,1,14,4,0~2,0~1,0,Mondrian equivalence class
1333,15,38~43,1,15~16,1~4,2,0~1,0,Mondrian equivalence class
1334,12,44~48,1,14,1~4,0~2,0~1,0,Mondrian equivalence class
1335,13,44~48,1,15~16,1~4,0~2,0~1,0,Mondrian equivalence class
1336,12,38~42,2,14~15,1~4,0~2,0~1,0,Mondrian equivalence class
1337,11,43~48,2,14~16,1~4,0~2,0~1,0,Mondrian equivalence class
1338,16,38~40,3,11~13,1~4,0~2,0~1,0,Mondrian equivalence class
1339,11,41~43,3,11~13,1~4,0~2,1,0,Mondrian equivalence class
1340,13,44~45,3,12~13,1~4,0~2,1,0,Mondrian equivalence class
1341,14,46~48,3,11~13,0~4,0,0~1,0,Mondrian equivalence class
1342,12,38~41,3,14~16,2~4,0~2,0~1,0,Mondrian equivalence class
1343,12,42~44,3,14~16,1~4,0~2,0~1,0,Mondrian equivalence class
1344,21,45~48,3,14~16,1~4,0~2,0~1,0,Mondrian equivalence class
1345,17,38~43,4,11~13,1~4,0,0~1,0,Mondrian equivalence class
1346,16,44~48,4,11~13,1~4,0,0~1,0,Mondrian equivalence class
1347,15,38~43,4,11~13,1~4,2,0~1,0,Mondrian equivalence class
1348,13,44~48,4,11~13,0~4,2,0~1,0,Mondrian equivalence class
1349,14,38~47,4,14,1~2,0~2,0~1,0,Mondrian equivalence class
1350,12,38~47,4,14,3~4,0~2,0~1,0,Mondrian equivalence class
1351,11,38~41,4,15~16,2~4,0~2,0~1,0,Mondrian equivalence class
1352,11,42~43,4,15~16,1~4,2,0~1,0,Mondrian equivalence class
1353,18,44~48,4,15~16,1~4,0~2,0~1,0,Mondrian equivalence class
1354,12,49~50,1~2,11~13,1~4,0,0~1,0,Mondrian equivalence class
1355,12,51~56,1~2,11~13,0~4,0,0~1,0,Mondrian equivalence class
1356,19,49~56,1~2,11~13,0~4,2,0~1,0,Mondrian equivalence class
1357,10,49~56,1~2,14,1~2,0~2,0~1,0,Mondrian equivalence class
1358,11,49~55,1~2,14,4,0~2,0~1,0,Mondrian equivalence class
1359,16,49~56,1~2,15~16,1~4,0~2,0~1,0,Mondrian equivalence class
1360,15,49~56,3,11~13,1~4,0~2,1,0,Mondrian equivalence class
1361,11,49~56,3,14,1~4,0~2,0~1,0,Mondrian equivalence class
1362,12,49~51,3,15~16,1~4,2,1,0,Mondrian equivalence class
1363,10,52~56,3,15~16,1~4,0~2,1,0,Mondrian equivalence class
1364,18,49~52,4,11~13,1~4,0~2,0~1,0,Mondrian equivalence class
1365,15,53~56,4,12~13,2~4,0~2,0~1,0,Mondrian equivalence class
1366,10,51~56,4,14,1~4,0~2,0~1,0,Mondrian equivalence class
1367,14,49~50,4,15~16,1~4,0~2,0~1,0,Mondrian equivalence class
1368,13,51~56,4,15~16,0~4,2,0~1,0,Mondrian equivalence class
1369,10,57~60,1,13~14,1~4,0~2,0~1,0,Mondrian equivalence class
1370,10,57~61,2,11~14,0~4,0~2,0~1,0,Mondrian equivalence class
1371,12,57~61,1~2,15~16,1~4,0~2,0~1,0,Mondrian equivalence class
1372,10,57~60,3,13,1~4,0~2,1,0,Mondrian equivalence class
1373,11,57~61,3,14~16,2~4,0~2,1,0,Mondrian equivalence class
1374,14,62~64,1~3,11~13,0~4,0~2,0~1,0,Mondrian equivalence class
1375,14,65~83,1~3,13,1~4,0~1,0~1,0,Mondrian equivalence class
1376,10,63~65,1~3,14~16,1~4,0~2,0~1,0,Mondrian equivalence class
1377,10,68~79,1~3,14~16,0~4,0~2,0~1,0,Mondrian equivalence class
1378,16,57~64,4,11~13,0~4,0~2,0~1,0,Mondrian equivalence class
1379,17,57~64,4,14~16,1~4,0~2,0~1,0,Mondrian equivalence class
1380,18,65~70,4,11~16,0~4,0~2,0~1,0,Mondrian equivalence class
1381,12,72~90,4,11~16,0~4,0~2,0~1,0,Mondrian equivalence class
1382,18,39~43,5,11~13,0~3,0~2,0,0,Mondrian equivalence class
1383,13,44~47,5,11~13,1~3,0~2,0,0,Mondrian equivalence class
1384,11,38~41,5,11~13,1~3,0~2,1,0,Mondrian equivalence class
1385,11,42~47,5,12~13,1~3,0~2,1,0,Mondrian equivalence class
1386,10,38,5,13,4,0~2,0~1,0,Mondrian equivalence class
1387,10,39~40,5,13,4,2,0~1,0,Mondrian equivalence class
1388,11,41~42,5,12~13,4,0~2,0~1,0,Mondrian equivalence class
1389,12,43~45,5,11~13,4,0~2,0~1,0,Mondrian equivalence class
1390,11,46~47,5,11~13,4,0~2,0~1,0,Mondrian equivalence class
1391,11,39~43,5,14,1,2,0,0,Mondrian equivalence class
1392,11,45~47,5,14,1,0~2,0,0,Mondrian equivalence class
1393,17,38~47,5,14,2,0~2,0,0,Mondrian equivalence class
1394,13,39~46,5,14,4,0~2,0,0,Mondrian equivalence class
1395,15,38~41,5,14,1~4,0~2,1,0,Mondrian equivalence class
1396,12,42~43,5,14,1~4,0~2,1,0,Mondrian equivalence class
1397,12,44~45,5,14,2~4,2,1,0,Mondrian equivalence class
1398,12,46~47,5,14,1~4,0~2,1,0,Mondrian equivalence class
1399,16,38~47,5,15~16,1~4,0~2,0~1,0,Mondrian equivalence class
1400,15,48~51,5,12~16,0~1,0~2,0,0,Mondrian equivalence class
1401,16,52~55,5,13~15,0~1,0~2,0,0,Mondrian equivalence class
1402,11,56~60,5,12~16,0~1,0~2,0,0,Mondrian equivalence class
1403,12,61~79,5,11~16,0~1,2,0,0,Mondrian equivalence class
1404,10,48~49,5,13~15,2~4,2,0,0,Mondrian equivalence class
1405,11,50~52,5,13~16,2~4,2,0,0,Mondrian equivalence class
1406,12,53~70,5,13~16,2,0~2,0,0,Mondrian equivalence class
1407,10,53~62,5,13~14,4,0~2,0,0,Mondrian equivalence class
1408,18,48~50,5,13~16,3~4,0~2,1,0,Mondrian equivalence class
1409,13,51,5,12~16,2~4,0~2,1,0,Mondrian equivalence class
1410,17,52~54,5,13~16,2~4,0~2,1,0,Mondrian equivalence class
1411,13,55~57,5,12~14,1~4,0~2,1,0,Mondrian equivalence class
1412,11,58~59,5,13~14,0~4,0~2,1,0,Mondrian equivalence class
1413,10,60~61,5,11~16,1~4,0~2,1,0,Mondrian equivalence class
1414,10,63~90,5,11~16,0~4,0~2,1,0,Mondrian equivalence class
1415,13,38~50,1~3,12~16,1~4,0~2,0~1,5~9,Mondrian equivalence class
1416,13,51~65,1~3,12~16,4,0~2,0~1,1~6,Mondrian equivalence class
1417,19,41~68,4~5,13~16,1~4,0~2,0~1,1~9,Mondrian equivalence class
1418,10,40~62,1~3,13~16,2~4,0~2,0~1,10~16,Mondrian equivalence class
1419,10,39~59,1~3,13~16,1~4,0~2,0~1,18~40,Mondrian equivalence class
1420,10,39~81,4~5,13~16,0~4,0~2,0~1,10~25,Mondrian equivalence class
1421,10,38~66,4~5,13~16,0~4,0~2,0~1,26~39,Mondrian equivalence class
1422,10,38~41,1~3,11~13,1~4,3~5,0~1,0,Mondrian equivalence class
1423,10,38~41,4,11~13,1~4,3~5,0~1,0,Mondrian equivalence class
1424,18,42~43,1~4,11~13,1~4,3~5,0~1,0,Mondrian equivalence class
1425,20,44~46,3~4,11~13,1~4,3~5,0~1,0,Mondrian equivalence class
1426,13,47,1~4,11~13,1~4,3~5,0~1,0,Mondrian equivalence class
1427,16,38~47,1~3,11~13,1~4,6,0~1,0,Mondrian equivalence class
1428,16,38~47,4,11~13,1~4,6,0~1,0,Mondrian equivalence class
1429,10,39~43,3~4,14~15,1~4,3~6,0~1,0,Mondrian equivalence class
1430,10,45~47,2~4,14~16,1~4,3~6,0~1,0,Mondrian equivalence class
1431,16,39~47,1~2,11~14,1~2,7,0~1,0,Mondrian equivalence class
1432,16,40~47,1~2,11~14,4,7,0~1,0,Mondrian equivalence class
1433,16,38~44,1~2,11~14,1~4,9~11,0~1,0,Mondrian equivalence class
1434,16,45~47,1~2,11~14,1~4,9~12,0~1,0,Mondrian equivalence class
1435,20,38~42,3~4,11~14,1~4,7~9,0~1,0,Mondrian equivalence class
1436,12,43~47,3~4,11~14,2~4,8~10,1,0,Mondrian equivalence class
1437,10,48~51,3~4,11~12,1~4,3~5,0~1,0,Mondrian equivalence class
1438,10,48~51,3~4,13,0~4,5,1,0,Mondrian equivalence class
1439,18,52~55,2~4,12~13,0~4,3~5,0~1,0,Mondrian equivalence class
1440,16,48~55,1~4,14~16,0~4,5,0~1,0,Mondrian equivalence class
1441,14,56~73,1~3,11~13,0~4,3~5,0~1,0,Mondrian equivalence class
1442,10,57~71,1~3,14~15,4,3~5,1,0,Mondrian equivalence class
1443,13,57~67,4,11~13,1~4,3~5,0~1,0,Mondrian equivalence class
1444,10,56~71,4,14~16,0~4,3~5,0~1,0,Mondrian equivalence class
1445,15,48~52,1~3,11~14,0~4,6~7,0~1,0,Mondrian equivalence class
1446,13,48~52,1~3,11~14,1~4,8~10,0~1,0,Mondrian equivalence class
1447,14,53~58,1~3,11~14,1~4,6~10,0~1,0,Mondrian equivalence class
1448,13,59~77,1~3,12~16,0~4,6~8,0~1,0,Mondrian equivalence class
1449,11,48~51,4,11~15,2~4,6~9,0~1,0,Mondrian equivalence class
1450,11,52~57,4,11~14,1~4,6~9,0~1,0,Mondrian equivalence class
1451,10,58~61,4,11~15,1~4,6~9,1,0,Mondrian equivalence class
1452,11,62~76,4,11~15,4,6~8,1,0,Mondrian equivalence class
1453,17,38~46,5,11~13,1~4,3~6,0~1,0,Mondrian equivalence class
1454,10,39~45,5,11~14,0~4,7~8,0~1,0,Mondrian equivalence class
1455,17,38~44,5,11~13,1~4,9~10,0~1,0,Mondrian equivalence class
1456,11,45~46,5,12~15,1~4,9~10,1,0,Mondrian equivalence class
1457,16,47~67,5,11~14,0~4,3~7,0,0,Mondrian equivalence class
1458,16,47~77,5,11~14,1~4,3~7,1,0,Mondrian equivalence class
1459,15,47~62,5~6,11~14,1~4,8~10,1,0,Mondrian equivalence class
1460,19,38~56,1~5,11~15,1~4,3~10,0~1,1~12,Mondrian equivalence class
1461,18,39~66,2~5,11~15,0~4,4~11,0~1,13~40,Mondrian equivalence class
1462,11,40~75,1~5,12~16,5,0~3,0,0~4,Mondrian equivalence class
1463,12,39~74,1~5,13~16,5~6,0~9,1,0~29,Mondrian equivalence class
